committee,session_year,session_month,session_type,present
City Council,2022,11,Afternoon,Y
City Council,2022,11,Afternoon,Y
City Council,2022,11,Afternoon,Y
City Council,2022,11,Afternoon,Y
City Council,2022,11,Afternoon,Y
City Council,2022,11,Afternoon,Y
City Council,2022,11,Afternoon,Y
City Council,2022,11,Afternoon,Y
City Council,2022,11,Afternoon,Y
City Council,2022,11,Afternoon,Y
City Council,2022,11,Afternoon,Y
City Council,2022,11,Afternoon,Y
City Council,2022,11,Afternoon,Y
City Council,2022,11,Afternoon,Y
City Council,2022,11,Afternoon,Y
City Council,2022,11,Afternoon,Y
City Council,2022,11,Afternoon,Y
City Council,2022,11,Afternoon,Y
City Council,2022,11,Afternoon,Y
City Council,2022,11,Afternoon,Y
City Council,2022,11,Afternoon,Y
City Council,2022,11,Afternoon,Y
City Council,2022,11,Afternoon,Y
City Council,2022,11,Afternoon,Y
City Council,2022,11,Afternoon,Y
City Council,2022,11,Afternoon,Y
City Council,2022,11,Afternoon,Y
City Council,2022,11,Afternoon,Y
City Council,2022,11,Afternoon,Y
City Council,2022,11,Afternoon,Y
City Council,2022,11,Afternoon,Y
City Council,2022,11,Afternoon,Y
City Council,2022,11,Afternoon,Y
City Council,2022,11,Afternoon,Y
City Council,2022,11,Afternoon,Y
City Council,2022,11,Afternoon,Y
City Council,2022,11,Afternoon,Y
City Council,2022,11,Afternoon,Y
City Council,2022,11,Afternoon,Y
City Council,2022,11,Afternoon,Y
City Council,2022,11,Afternoon,Y
City Council,2022,11,Afternoon,Y
City Council,2022,11,Afternoon,Y
City Council,2022,11,Afternoon,Y
City Council,2022,11,Afternoon,Y
City Council,2022,11,Afternoon,Y
City Council,2022,11,Afternoon,Y
City Council,2022,11,Afternoon,Y
City Council,2022,11,Afternoon,Y
City Council,2022,11,Afternoon,Y
City Council,2022,11,Afternoon,Y
City Council,2022,11,Afternoon,Y
City Council,2022,11,Afternoon,Y
City Council,2022,11,Afternoon,Y
City Council,2022,11,Afternoon,Y
City Council,2022,11,Afternoon,Y
City Council,2022,11,Afternoon,Y
City Council,2022,11,Afternoon,Y
City Council,2022,11,Afternoon,Y
City Council,2022,11,Afternoon,Y
City Council,2022,11,Afternoon,Y
City Council,2022,11,Afternoon,Y
City Council,2022,11,Afternoon,Y
City Council,2022,11,Afternoon,Y
City Council,2022,11,Afternoon,Y
City Council,2022,11,Afternoon,Y
City Council,2022,11,Afternoon,Y
City Council,2022,11,Afternoon,Y
City Council,2022,11,Afternoon,Y
City Council,2022,11,Afternoon,Y
City Council,2022,11,Afternoon,Y
City Council,2022,11,Afternoon,Y
City Council,2022,11,Afternoon,Y
City Council,2022,11,Afternoon,Y
City Council,2022,11,Afternoon,Y
City Council,2022,11,Afternoon,Y
City Council,2022,11,Afternoon,Y
City Council,2022,11,Afternoon,Y
City Council,2022,12,Morning,Y
City Council,2022,12,Morning,Y
City Council,2022,12,Morning,Y
City Council,2022,12,Morning,Y
City Council,2022,12,Morning,Y
City Council,2022,12,Morning,Y
City Council,2022,12,Morning,Y
City Council,2022,12,Morning,Y
City Council,2022,12,Morning,Y
City Council,2022,12,Morning,Y
City Council,2022,12,Morning,Y
City Council,2022,12,Morning,Y
City Council,2022,12,Morning,Y
City Council,2022,12,Morning,Y
City Council,2022,12,Morning,Y
City Council,2022,12,Morning,Y
City Council,2022,12,Morning,Y
City Council,2022,12,Morning,Y
City Council,2022,12,Morning,Y
City Council,2022,12,Morning,Y
City Council,2022,12,Morning,Y
City Council,2022,12,Morning,Y
City Council,2022,12,Morning,Y
City Council,2022,12,Morning,Y
City Council,2022,12,Morning,Y
City Council,2022,12,Morning,Y
City Council,2022,12,Afternoon,Y
City Council,2022,12,Afternoon,Y
City Council,2022,12,Afternoon,Y
City Council,2022,12,Afternoon,Y
City Council,2022,12,Afternoon,Y
City Council,2022,12,Afternoon,Y
City Council,2022,12,Afternoon,N
City Council,2022,12,Afternoon,Y
City Council,2022,12,Afternoon,Y
City Council,2022,12,Afternoon,Y
City Council,2022,12,Afternoon,Y
City Council,2022,12,Afternoon,Y
City Council,2022,12,Afternoon,Y
City Council,2022,12,Afternoon,Y
City Council,2022,12,Afternoon,Y
City Council,2022,12,Afternoon,Y
City Council,2022,12,Afternoon,Y
City Council,2022,12,Afternoon,Y
City Council,2022,12,Afternoon,Y
City Council,2022,12,Afternoon,Y
City Council,2022,12,Afternoon,Y
City Council,2022,12,Afternoon,Y
City Council,2022,12,Afternoon,N
City Council,2022,12,Afternoon,Y
City Council,2022,12,Afternoon,Y
City Council,2022,12,Afternoon,Y
City Council,2022,12,Afternoon,Y
City Council,2022,12,Afternoon,Y
City Council,2022,12,Afternoon,Y
City Council,2022,12,Afternoon,Y
City Council,2022,12,Afternoon,Y
City Council,2022,12,Afternoon,Y
City Council,2022,12,Afternoon,Y
City Council,2022,12,Afternoon,Y
City Council,2022,12,Afternoon,Y
City Council,2022,12,Afternoon,Y
City Council,2022,12,Afternoon,Y
City Council,2022,12,Afternoon,Y
City Council,2022,12,Afternoon,Y
City Council,2022,12,Afternoon,Y
City Council,2022,12,Afternoon,Y
City Council,2022,12,Afternoon,Y
City Council,2022,12,Afternoon,Y
City Council,2022,12,Afternoon,Y
City Council,2022,12,Afternoon,Y
City Council,2022,12,Afternoon,Y
City Council,2022,12,Afternoon,Y
City Council,2022,12,Afternoon,Y
City Council,2022,12,Afternoon,Y
City Council,2022,12,Afternoon,Y
City Council,2022,12,Afternoon,Y
City Council,2022,12,Afternoon,Y
City Council,2022,12,Morning,Y
City Council,2022,12,Morning,Y
City Council,2022,12,Morning,Y
City Council,2022,12,Morning,Y
City Council,2022,12,Morning,Y
City Council,2022,12,Morning,Y
City Council,2022,12,Morning,Y
City Council,2022,12,Morning,Y
City Council,2022,12,Morning,Y
City Council,2022,12,Morning,Y
City Council,2022,12,Morning,Y
City Council,2022,12,Morning,Y
City Council,2022,12,Morning,Y
City Council,2022,12,Morning,Y
City Council,2022,12,Morning,Y
City Council,2022,12,Morning,Y
City Council,2022,12,Morning,Y
City Council,2022,12,Morning,Y
City Council,2022,12,Morning,Y
City Council,2022,12,Morning,Y
City Council,2022,12,Morning,Y
City Council,2022,12,Morning,Y
City Council,2022,12,Morning,Y
City Council,2022,12,Morning,Y
City Council,2022,12,Morning,Y
City Council,2022,12,Morning,Y
City Council,2022,12,Afternoon,Y
City Council,2022,12,Afternoon,Y
City Council,2022,12,Afternoon,Y
City Council,2022,12,Afternoon,Y
City Council,2022,12,Afternoon,Y
City Council,2022,12,Afternoon,Y
City Council,2022,12,Afternoon,Y
City Council,2022,12,Afternoon,Y
City Council,2022,12,Afternoon,Y
City Council,2022,12,Afternoon,Y
City Council,2022,12,Afternoon,Y
City Council,2022,12,Afternoon,Y
City Council,2022,12,Afternoon,Y
City Council,2022,12,Afternoon,Y
City Council,2022,12,Afternoon,Y
City Council,2022,12,Afternoon,Y
City Council,2022,12,Afternoon,Y
City Council,2022,12,Afternoon,Y
City Council,2022,12,Afternoon,Y
City Council,2022,12,Afternoon,Y
City Council,2022,12,Afternoon,Y
City Council,2022,12,Afternoon,Y
City Council,2022,12,Afternoon,Y
City Council,2022,12,Afternoon,Y
City Council,2022,12,Afternoon,Y
City Council,2022,12,Afternoon,Y
City Council,2022,12,Afternoon,Y
City Council,2022,12,Afternoon,Y
City Council,2022,12,Afternoon,Y
City Council,2022,12,Afternoon,Y
City Council,2022,12,Afternoon,Y
City Council,2022,12,Afternoon,Y
City Council,2022,12,Afternoon,Y
City Council,2022,12,Afternoon,Y
City Council,2022,12,Afternoon,Y
City Council,2022,12,Afternoon,Y
City Council,2022,12,Afternoon,Y
City Council,2022,12,Afternoon,Y
City Council,2022,12,Afternoon,Y
City Council,2022,12,Afternoon,Y
City Council,2022,12,Afternoon,Y
City Council,2022,12,Afternoon,Y
City Council,2022,12,Afternoon,Y
City Council,2022,12,Afternoon,Y
City Council,2022,12,Afternoon,Y
City Council,2022,12,Afternoon,Y
City Council,2022,12,Afternoon,Y
City Council,2022,12,Afternoon,Y
City Council,2022,12,Afternoon,Y
City Council,2022,12,Afternoon,Y
City Council,2022,12,Afternoon,Y
City Council,2022,12,Afternoon,Y
City Council,2023,02,Morning,Y
City Council,2023,02,Morning,Y
City Council,2023,02,Morning,Y
City Council,2023,02,Morning,Y
City Council,2023,02,Morning,Y
City Council,2023,02,Morning,Y
City Council,2023,02,Morning,Y
City Council,2023,02,Morning,Y
City Council,2023,02,Morning,Y
City Council,2023,02,Morning,Y
City Council,2023,02,Morning,Y
City Council,2023,02,Morning,Y
City Council,2023,02,Morning,Y
City Council,2023,02,Morning,Y
City Council,2023,02,Morning,Y
City Council,2023,02,Morning,Y
City Council,2023,02,Morning,Y
City Council,2023,02,Morning,Y
City Council,2023,02,Morning,Y
City Council,2023,02,Morning,Y
City Council,2023,02,Morning,Y
City Council,2023,02,Morning,Y
City Council,2023,02,Morning,Y
City Council,2023,02,Morning,Y
City Council,2023,02,Morning,Y
City Council,2023,02,Morning,Y
City Council,2023,02,Afternoon,Y
City Council,2023,02,Afternoon,Y
City Council,2023,02,Afternoon,Y
City Council,2023,02,Afternoon,Y
City Council,2023,02,Afternoon,Y
City Council,2023,02,Afternoon,Y
City Council,2023,02,Afternoon,Y
City Council,2023,02,Afternoon,Y
City Council,2023,02,Afternoon,Y
City Council,2023,02,Afternoon,Y
City Council,2023,02,Afternoon,Y
City Council,2023,02,Afternoon,Y
City Council,2023,02,Afternoon,Y
City Council,2023,02,Afternoon,Y
City Council,2023,02,Afternoon,Y
City Council,2023,02,Afternoon,Y
City Council,2023,02,Afternoon,Y
City Council,2023,02,Afternoon,Y
City Council,2023,02,Afternoon,Y
City Council,2023,02,Afternoon,Y
City Council,2023,02,Afternoon,Y
City Council,2023,02,Afternoon,Y
City Council,2023,02,Afternoon,Y
City Council,2023,02,Afternoon,Y
City Council,2023,02,Afternoon,Y
City Council,2023,02,Afternoon,Y
City Council,2023,02,Afternoon,Y
City Council,2023,02,Afternoon,Y
City Council,2023,02,Afternoon,Y
City Council,2023,02,Afternoon,Y
City Council,2023,02,Afternoon,Y
City Council,2023,02,Afternoon,Y
City Council,2023,02,Afternoon,Y
City Council,2023,02,Afternoon,Y
City Council,2023,02,Afternoon,Y
City Council,2023,02,Afternoon,Y
City Council,2023,02,Afternoon,Y
City Council,2023,02,Afternoon,Y
City Council,2023,02,Afternoon,Y
City Council,2023,02,Afternoon,Y
City Council,2023,02,Afternoon,Y
City Council,2023,02,Afternoon,Y
City Council,2023,02,Afternoon,Y
City Council,2023,02,Afternoon,Y
City Council,2023,02,Afternoon,Y
City Council,2023,02,Afternoon,Y
City Council,2023,02,Afternoon,Y
City Council,2023,02,Afternoon,Y
City Council,2023,02,Afternoon,Y
City Council,2023,02,Afternoon,Y
City Council,2023,02,Afternoon,Y
City Council,2023,02,Afternoon,Y
City Council,2023,02,Morning,Y
City Council,2023,02,Morning,Y
City Council,2023,02,Morning,Y
City Council,2023,02,Morning,Y
City Council,2023,02,Morning,Y
City Council,2023,02,Morning,Y
City Council,2023,02,Morning,Y
City Council,2023,02,Morning,Y
City Council,2023,02,Morning,Y
City Council,2023,02,Morning,Y
City Council,2023,02,Morning,Y
City Council,2023,02,Morning,Y
City Council,2023,02,Morning,Y
City Council,2023,02,Morning,Y
City Council,2023,02,Morning,Y
City Council,2023,02,Morning,Y
City Council,2023,02,Morning,Y
City Council,2023,02,Morning,Y
City Council,2023,02,Morning,Y
City Council,2023,02,Morning,Y
City Council,2023,02,Morning,Y
City Council,2023,02,Morning,Y
City Council,2023,02,Morning,Y
City Council,2023,02,Morning,Y
City Council,2023,02,Morning,Y
City Council,2023,02,Morning,Y
City Council,2023,02,Afternoon,Y
City Council,2023,02,Afternoon,Y
City Council,2023,02,Afternoon,Y
City Council,2023,02,Afternoon,Y
City Council,2023,02,Afternoon,Y
City Council,2023,02,Afternoon,Y
City Council,2023,02,Afternoon,Y
City Council,2023,02,Afternoon,Y
City Council,2023,02,Afternoon,Y
City Council,2023,02,Afternoon,Y
City Council,2023,02,Afternoon,Y
City Council,2023,02,Afternoon,Y
City Council,2023,02,Afternoon,Y
City Council,2023,02,Afternoon,Y
City Council,2023,02,Afternoon,Y
City Council,2023,02,Afternoon,Y
City Council,2023,02,Afternoon,Y
City Council,2023,02,Afternoon,Y
City Council,2023,02,Afternoon,Y
City Council,2023,02,Afternoon,Y
City Council,2023,02,Afternoon,Y
City Council,2023,02,Afternoon,Y
City Council,2023,02,Afternoon,Y
City Council,2023,02,Afternoon,Y
City Council,2023,02,Afternoon,Y
City Council,2023,02,Afternoon,Y
City Council,2023,02,Afternoon,Y
City Council,2023,02,Afternoon,Y
City Council,2023,02,Afternoon,Y
City Council,2023,02,Afternoon,Y
City Council,2023,02,Afternoon,Y
City Council,2023,02,Afternoon,Y
City Council,2023,02,Afternoon,Y
City Council,2023,02,Afternoon,Y
City Council,2023,02,Afternoon,Y
City Council,2023,02,Afternoon,Y
City Council,2023,02,Afternoon,Y
City Council,2023,02,Afternoon,Y
City Council,2023,02,Afternoon,Y
City Council,2023,02,Afternoon,Y
City Council,2023,02,Afternoon,Y
City Council,2023,02,Afternoon,Y
City Council,2023,02,Afternoon,Y
City Council,2023,02,Afternoon,Y
City Council,2023,02,Afternoon,Y
City Council,2023,02,Afternoon,Y
City Council,2023,02,Afternoon,Y
City Council,2023,02,Afternoon,Y
City Council,2023,02,Afternoon,Y
City Council,2023,02,Afternoon,Y
City Council,2023,02,Afternoon,Y
City Council,2023,02,Afternoon,Y
City Council,2023,02,Afternoon,Y
City Council,2023,02,Afternoon,Y
City Council,2023,02,Afternoon,Y
City Council,2023,02,Afternoon,Y
City Council,2023,02,Afternoon,Y
City Council,2023,02,Afternoon,Y
City Council,2023,02,Afternoon,Y
City Council,2023,02,Afternoon,Y
City Council,2023,02,Afternoon,N
City Council,2023,02,Afternoon,Y
City Council,2023,02,Afternoon,Y
City Council,2023,02,Afternoon,Y
City Council,2023,02,Afternoon,Y
City Council,2023,02,Afternoon,Y
City Council,2023,02,Afternoon,Y
City Council,2023,02,Afternoon,Y
City Council,2023,02,Afternoon,Y
City Council,2023,02,Afternoon,Y
City Council,2023,02,Afternoon,Y
City Council,2023,02,Afternoon,N
City Council,2023,02,Afternoon,Y
City Council,2023,02,Afternoon,Y
City Council,2023,02,Afternoon,Y
City Council,2023,02,Afternoon,Y
City Council,2023,02,Afternoon,Y
City Council,2023,02,Afternoon,Y
City Council,2023,02,Evening,Y
City Council,2023,02,Evening,Y
City Council,2023,02,Evening,Y
City Council,2023,02,Evening,Y
City Council,2023,02,Evening,Y
City Council,2023,02,Evening,N
City Council,2023,02,Evening,Y
City Council,2023,02,Evening,Y
City Council,2023,02,Evening,N
City Council,2023,02,Evening,Y
City Council,2023,02,Evening,Y
City Council,2023,02,Evening,N
City Council,2023,02,Evening,Y
City Council,2023,02,Evening,Y
City Council,2023,02,Evening,Y
City Council,2023,02,Evening,Y
City Council,2023,02,Evening,Y
City Council,2023,02,Evening,Y
City Council,2023,02,Evening,Y
City Council,2023,02,Evening,N
City Council,2023,02,Evening,Y
City Council,2023,02,Evening,Y
City Council,2023,02,Evening,Y
City Council,2023,02,Evening,Y
City Council,2023,02,Evening,Y
City Council,2023,02,Evening,Y
City Council,2023,02,Morning,Y
City Council,2023,02,Morning,Y
City Council,2023,02,Morning,Y
City Council,2023,02,Morning,Y
City Council,2023,02,Morning,Y
City Council,2023,02,Morning,Y
City Council,2023,02,Morning,Y
City Council,2023,02,Morning,Y
City Council,2023,02,Morning,Y
City Council,2023,02,Morning,Y
City Council,2023,02,Morning,Y
City Council,2023,02,Morning,Y
City Council,2023,02,Morning,Y
City Council,2023,02,Morning,Y
City Council,2023,02,Morning,Y
City Council,2023,02,Morning,Y
City Council,2023,02,Morning,Y
City Council,2023,02,Morning,Y
City Council,2023,02,Morning,Y
City Council,2023,02,Morning,Y
City Council,2023,02,Morning,Y
City Council,2023,02,Morning,Y
City Council,2023,02,Morning,Y
City Council,2023,02,Morning,Y
City Council,2023,02,Morning,Y
City Council,2023,02,Morning,Y
City Council,2023,02,Morning,N
City Council,2023,02,Morning,Y
City Council,2023,02,Morning,Y
City Council,2023,02,Morning,Y
City Council,2023,02,Morning,N
City Council,2023,02,Morning,Y
City Council,2023,02,Morning,Y
City Council,2023,02,Morning,Y
City Council,2023,02,Morning,Y
City Council,2023,02,Morning,Y
City Council,2023,02,Morning,Y
City Council,2023,02,Morning,Y
City Council,2023,02,Morning,Y
City Council,2023,02,Morning,Y
City Council,2023,02,Morning,N
City Council,2023,02,Morning,Y
City Council,2023,02,Morning,Y
City Council,2023,02,Morning,Y
City Council,2023,02,Morning,Y
City Council,2023,02,Morning,Y
City Council,2023,02,Morning,Y
City Council,2023,02,Morning,Y
City Council,2023,02,Morning,Y
City Council,2023,02,Morning,Y
City Council,2023,02,Morning,N
City Council,2023,02,Morning,Y
City Council,2023,02,Morning,Y
City Council,2023,02,Morning,Y
City Council,2023,02,Morning,Y
City Council,2023,02,Morning,Y
City Council,2023,02,Morning,Y
City Council,2023,02,Morning,Y
City Council,2023,02,Morning,N
City Council,2023,02,Morning,Y
City Council,2023,02,Morning,Y
City Council,2023,02,Morning,Y
City Council,2023,02,Morning,Y
City Council,2023,02,Morning,Y
City Council,2023,02,Morning,Y
City Council,2023,02,Morning,Y
City Council,2023,02,Morning,Y
City Council,2023,02,Morning,Y
City Council,2023,02,Morning,Y
City Council,2023,02,Morning,Y
City Council,2023,02,Morning,Y
City Council,2023,02,Morning,Y
City Council,2023,02,Morning,Y
City Council,2023,02,Morning,Y
City Council,2023,02,Morning,Y
City Council,2023,02,Morning,Y
City Council,2023,02,Morning,Y
City Council,2023,02,Morning,Y
City Council,2023,02,Afternoon,Y
City Council,2023,02,Afternoon,Y
City Council,2023,02,Afternoon,Y
City Council,2023,02,Afternoon,Y
City Council,2023,02,Afternoon,Y
City Council,2023,02,Afternoon,Y
City Council,2023,02,Afternoon,Y
City Council,2023,02,Afternoon,Y
City Council,2023,02,Afternoon,Y
City Council,2023,02,Afternoon,Y
City Council,2023,02,Afternoon,Y
City Council,2023,02,Afternoon,Y
City Council,2023,02,Afternoon,Y
City Council,2023,02,Afternoon,Y
City Council,2023,02,Afternoon,Y
City Council,2023,02,Afternoon,Y
City Council,2023,02,Afternoon,Y
City Council,2023,02,Afternoon,Y
City Council,2023,02,Afternoon,Y
City Council,2023,02,Afternoon,Y
City Council,2023,02,Afternoon,Y
City Council,2023,02,Afternoon,Y
City Council,2023,02,Afternoon,Y
City Council,2023,02,Afternoon,Y
City Council,2023,02,Afternoon,Y
City Council,2023,02,Afternoon,Y
City Council,2023,02,Evening,Y
City Council,2023,02,Evening,Y
City Council,2023,02,Evening,Y
City Council,2023,02,Evening,Y
City Council,2023,02,Evening,Y
City Council,2023,02,Evening,Y
City Council,2023,02,Evening,Y
City Council,2023,02,Evening,Y
City Council,2023,02,Evening,Y
City Council,2023,02,Evening,Y
City Council,2023,02,Evening,Y
City Council,2023,02,Evening,Y
City Council,2023,02,Evening,Y
City Council,2023,02,Evening,Y
City Council,2023,02,Evening,Y
City Council,2023,02,Evening,Y
City Council,2023,02,Evening,Y
City Council,2023,02,Evening,Y
City Council,2023,02,Evening,Y
City Council,2023,02,Evening,Y
City Council,2023,02,Evening,Y
City Council,2023,02,Evening,Y
City Council,2023,02,Evening,Y
City Council,2023,02,Evening,Y
City Council,2023,02,Evening,Y
City Council,2023,02,Evening,Y
City Council,2023,02,Evening,Y
City Council,2023,02,Evening,Y
City Council,2023,02,Evening,Y
City Council,2023,02,Evening,Y
City Council,2023,02,Evening,Y
City Council,2023,02,Evening,Y
City Council,2023,02,Evening,Y
City Council,2023,02,Evening,Y
City Council,2023,02,Evening,Y
City Council,2023,02,Evening,Y
City Council,2023,02,Evening,Y
City Council,2023,02,Evening,Y
City Council,2023,02,Evening,Y
City Council,2023,02,Evening,Y
City Council,2023,02,Evening,Y
City Council,2023,02,Evening,Y
City Council,2023,02,Evening,Y
City Council,2023,02,Evening,Y
City Council,2023,02,Evening,Y
City Council,2023,02,Evening,Y
City Council,2023,02,Evening,Y
City Council,2023,02,Evening,Y
City Council,2023,02,Evening,Y
City Council,2023,02,Evening,Y
City Council,2023,02,Evening,Y
City Council,2023,02,Evening,Y
City Council,2023,03,Morning,Y
City Council,2023,03,Morning,Y
City Council,2023,03,Morning,Y
City Council,2023,03,Morning,Y
City Council,2023,03,Morning,Y
City Council,2023,03,Morning,Y
City Council,2023,03,Morning,Y
City Council,2023,03,Morning,Y
City Council,2023,03,Morning,Y
City Council,2023,03,Morning,Y
City Council,2023,03,Morning,Y
City Council,2023,03,Morning,Y
City Council,2023,03,Morning,Y
City Council,2023,03,Morning,Y
City Council,2023,03,Morning,Y
City Council,2023,03,Morning,Y
City Council,2023,03,Morning,Y
City Council,2023,03,Morning,Y
City Council,2023,03,Morning,Y
City Council,2023,03,Morning,Y
City Council,2023,03,Morning,Y
City Council,2023,03,Morning,Y
City Council,2023,03,Morning,Y
City Council,2023,03,Morning,Y
City Council,2023,03,Morning,Y
City Council,2023,03,Afternoon,Y
City Council,2023,03,Afternoon,Y
City Council,2023,03,Afternoon,Y
City Council,2023,03,Afternoon,Y
City Council,2023,03,Afternoon,Y
City Council,2023,03,Afternoon,Y
City Council,2023,03,Afternoon,Y
City Council,2023,03,Afternoon,Y
City Council,2023,03,Afternoon,Y
City Council,2023,03,Afternoon,Y
City Council,2023,03,Afternoon,Y
City Council,2023,03,Afternoon,Y
City Council,2023,03,Afternoon,Y
City Council,2023,03,Afternoon,Y
City Council,2023,03,Afternoon,Y
City Council,2023,03,Afternoon,Y
City Council,2023,03,Afternoon,Y
City Council,2023,03,Afternoon,Y
City Council,2023,03,Afternoon,Y
City Council,2023,03,Afternoon,Y
City Council,2023,03,Afternoon,Y
City Council,2023,03,Afternoon,Y
City Council,2023,03,Afternoon,Y
City Council,2023,03,Afternoon,Y
City Council,2023,03,Afternoon,Y
City Council,2023,03,Morning,Y
City Council,2023,03,Morning,N
City Council,2023,03,Morning,Y
City Council,2023,03,Morning,Y
City Council,2023,03,Morning,Y
City Council,2023,03,Morning,Y
City Council,2023,03,Morning,Y
City Council,2023,03,Morning,N
City Council,2023,03,Morning,N
City Council,2023,03,Morning,Y
City Council,2023,03,Morning,Y
City Council,2023,03,Morning,Y
City Council,2023,03,Morning,N
City Council,2023,03,Morning,Y
City Council,2023,03,Morning,Y
City Council,2023,03,Morning,N
City Council,2023,03,Morning,Y
City Council,2023,03,Morning,Y
City Council,2023,03,Morning,Y
City Council,2023,03,Morning,Y
City Council,2023,03,Morning,N
City Council,2023,03,Morning,N
City Council,2023,03,Morning,N
City Council,2023,03,Morning,Y
City Council,2023,03,Morning,N
City Council,2023,03,Afternoon,Y
City Council,2023,03,Afternoon,Y
City Council,2023,03,Afternoon,Y
City Council,2023,03,Afternoon,Y
City Council,2023,03,Afternoon,Y
City Council,2023,03,Afternoon,Y
City Council,2023,03,Afternoon,Y
City Council,2023,03,Afternoon,Y
City Council,2023,03,Afternoon,Y
City Council,2023,03,Afternoon,Y
City Council,2023,03,Afternoon,Y
City Council,2023,03,Afternoon,Y
City Council,2023,03,Afternoon,N
City Council,2023,03,Afternoon,Y
City Council,2023,03,Afternoon,Y
City Council,2023,03,Afternoon,Y
City Council,2023,03,Afternoon,Y
City Council,2023,03,Afternoon,Y
City Council,2023,03,Afternoon,Y
City Council,2023,03,Afternoon,Y
City Council,2023,03,Afternoon,Y
City Council,2023,03,Afternoon,Y
City Council,2023,03,Afternoon,Y
City Council,2023,03,Afternoon,Y
City Council,2023,03,Afternoon,Y
City Council,2023,03,Morning,Y
City Council,2023,03,Morning,Y
City Council,2023,03,Morning,Y
City Council,2023,03,Morning,Y
City Council,2023,03,Morning,Y
City Council,2023,03,Morning,Y
City Council,2023,03,Morning,Y
City Council,2023,03,Morning,Y
City Council,2023,03,Morning,Y
City Council,2023,03,Morning,Y
City Council,2023,03,Morning,Y
City Council,2023,03,Morning,Y
City Council,2023,03,Morning,Y
City Council,2023,03,Morning,Y
City Council,2023,03,Morning,Y
City Council,2023,03,Morning,Y
City Council,2023,03,Morning,Y
City Council,2023,03,Morning,Y
City Council,2023,03,Morning,Y
City Council,2023,03,Morning,Y
City Council,2023,03,Morning,Y
City Council,2023,03,Morning,Y
City Council,2023,03,Morning,Y
City Council,2023,03,Morning,Y
City Council,2023,03,Morning,Y
City Council,2023,03,Afternoon,Y
City Council,2023,03,Afternoon,Y
City Council,2023,03,Afternoon,Y
City Council,2023,03,Afternoon,Y
City Council,2023,03,Afternoon,Y
City Council,2023,03,Afternoon,N
City Council,2023,03,Afternoon,N
City Council,2023,03,Afternoon,Y
City Council,2023,03,Afternoon,N
City Council,2023,03,Afternoon,Y
City Council,2023,03,Afternoon,Y
City Council,2023,03,Afternoon,Y
City Council,2023,03,Afternoon,Y
City Council,2023,03,Afternoon,Y
City Council,2023,03,Afternoon,Y
City Council,2023,03,Afternoon,Y
City Council,2023,03,Afternoon,Y
City Council,2023,03,Afternoon,Y
City Council,2023,03,Afternoon,Y
City Council,2023,03,Afternoon,N
City Council,2023,03,Afternoon,Y
City Council,2023,03,Afternoon,Y
City Council,2023,03,Afternoon,Y
City Council,2023,03,Afternoon,N
City Council,2023,03,Afternoon,Y
City Council,2023,05,Morning,Y
City Council,2023,05,Morning,Y
City Council,2023,05,Morning,Y
City Council,2023,05,Morning,Y
City Council,2023,05,Morning,Y
City Council,2023,05,Morning,Y
City Council,2023,05,Morning,Y
City Council,2023,05,Morning,Y
City Council,2023,05,Morning,Y
City Council,2023,05,Morning,Y
City Council,2023,05,Morning,Y
City Council,2023,05,Morning,Y
City Council,2023,05,Morning,Y
City Council,2023,05,Morning,Y
City Council,2023,05,Morning,Y
City Council,2023,05,Morning,Y
City Council,2023,05,Morning,Y
City Council,2023,05,Morning,Y
City Council,2023,05,Morning,Y
City Council,2023,05,Morning,Y
City Council,2023,05,Morning,Y
City Council,2023,05,Morning,Y
City Council,2023,05,Morning,Y
City Council,2023,05,Morning,Y
City Council,2023,05,Morning,Y
City Council,2023,05,Afternoon,Y
City Council,2023,05,Afternoon,Y
City Council,2023,05,Afternoon,Y
City Council,2023,05,Afternoon,Y
City Council,2023,05,Afternoon,Y
City Council,2023,05,Afternoon,Y
City Council,2023,05,Afternoon,Y
City Council,2023,05,Afternoon,Y
City Council,2023,05,Afternoon,Y
City Council,2023,05,Afternoon,Y
City Council,2023,05,Afternoon,Y
City Council,2023,05,Afternoon,Y
City Council,2023,05,Afternoon,Y
City Council,2023,05,Afternoon,Y
City Council,2023,05,Afternoon,Y
City Council,2023,05,Afternoon,Y
City Council,2023,05,Afternoon,Y
City Council,2023,05,Afternoon,Y
City Council,2023,05,Afternoon,Y
City Council,2023,05,Afternoon,Y
City Council,2023,05,Afternoon,Y
City Council,2023,05,Afternoon,Y
City Council,2023,05,Afternoon,Y
City Council,2023,05,Afternoon,Y
City Council,2023,05,Afternoon,Y
City Council,2023,05,Evening,Y
City Council,2023,05,Evening,Y
City Council,2023,05,Evening,Y
City Council,2023,05,Evening,Y
City Council,2023,05,Evening,Y
City Council,2023,05,Evening,Y
City Council,2023,05,Evening,Y
City Council,2023,05,Evening,Y
City Council,2023,05,Evening,Y
City Council,2023,05,Evening,Y
City Council,2023,05,Evening,Y
City Council,2023,05,Evening,Y
City Council,2023,05,Evening,Y
City Council,2023,05,Evening,Y
City Council,2023,05,Evening,Y
City Council,2023,05,Evening,Y
City Council,2023,05,Evening,Y
City Council,2023,05,Evening,Y
City Council,2023,05,Evening,Y
City Council,2023,05,Evening,Y
City Council,2023,05,Evening,Y
City Council,2023,05,Evening,Y
City Council,2023,05,Evening,Y
City Council,2023,05,Evening,Y
City Council,2023,05,Evening,Y
City Council,2023,05,Evening,Y
City Council,2023,05,Evening,Y
City Council,2023,05,Evening,Y
City Council,2023,05,Evening,Y
City Council,2023,05,Evening,Y
City Council,2023,05,Evening,Y
City Council,2023,05,Evening,Y
City Council,2023,05,Evening,Y
City Council,2023,05,Evening,N
City Council,2023,05,Evening,Y
City Council,2023,05,Evening,Y
City Council,2023,05,Evening,Y
City Council,2023,05,Evening,Y
City Council,2023,05,Evening,Y
City Council,2023,05,Evening,Y
City Council,2023,05,Evening,Y
City Council,2023,05,Evening,Y
City Council,2023,05,Evening,Y
City Council,2023,05,Evening,Y
City Council,2023,05,Evening,Y
City Council,2023,05,Evening,Y
City Council,2023,05,Evening,Y
City Council,2023,05,Evening,N
City Council,2023,05,Evening,N
City Council,2023,05,Evening,Y
City Council,2023,05,Evening,Y
City Council,2023,05,Evening,Y
City Council,2023,05,Evening,Y
City Council,2023,05,Evening,Y
City Council,2023,05,Evening,Y
City Council,2023,05,Evening,Y
City Council,2023,05,Evening,Y
City Council,2023,05,Evening,Y
City Council,2023,05,Evening,N
City Council,2023,05,Evening,Y
City Council,2023,05,Evening,Y
City Council,2023,05,Evening,Y
City Council,2023,05,Evening,Y
City Council,2023,05,Evening,Y
City Council,2023,05,Evening,Y
City Council,2023,05,Evening,Y
City Council,2023,05,Evening,Y
City Council,2023,05,Evening,Y
City Council,2023,05,Evening,Y
City Council,2023,05,Evening,Y
City Council,2023,05,Evening,Y
City Council,2023,05,Evening,Y
City Council,2023,05,Evening,N
City Council,2023,05,Evening,N
City Council,2023,05,Evening,Y
City Council,2023,05,Morning,Y
City Council,2023,05,Morning,Y
City Council,2023,05,Morning,Y
City Council,2023,05,Morning,Y
City Council,2023,05,Morning,Y
City Council,2023,05,Morning,Y
City Council,2023,05,Morning,Y
City Council,2023,05,Morning,Y
City Council,2023,05,Morning,Y
City Council,2023,05,Morning,Y
City Council,2023,05,Morning,Y
City Council,2023,05,Morning,Y
City Council,2023,05,Morning,Y
City Council,2023,05,Morning,Y
City Council,2023,05,Morning,Y
City Council,2023,05,Morning,Y
City Council,2023,05,Morning,Y
City Council,2023,05,Morning,Y
City Council,2023,05,Morning,Y
City Council,2023,05,Morning,Y
City Council,2023,05,Morning,Y
City Council,2023,05,Morning,Y
City Council,2023,05,Morning,Y
City Council,2023,05,Morning,Y
City Council,2023,05,Morning,Y
City Council,2023,05,Afternoon,Y
City Council,2023,05,Afternoon,Y
City Council,2023,05,Afternoon,Y
City Council,2023,05,Afternoon,Y
City Council,2023,05,Afternoon,Y
City Council,2023,05,Afternoon,Y
City Council,2023,05,Afternoon,Y
City Council,2023,05,Afternoon,Y
City Council,2023,05,Afternoon,Y
City Council,2023,05,Afternoon,Y
City Council,2023,05,Afternoon,Y
City Council,2023,05,Afternoon,Y
City Council,2023,05,Afternoon,Y
City Council,2023,05,Afternoon,Y
City Council,2023,05,Afternoon,Y
City Council,2023,05,Afternoon,Y
City Council,2023,05,Afternoon,Y
City Council,2023,05,Afternoon,Y
City Council,2023,05,Afternoon,Y
City Council,2023,05,Afternoon,Y
City Council,2023,05,Afternoon,Y
City Council,2023,05,Afternoon,Y
City Council,2023,05,Afternoon,Y
City Council,2023,05,Afternoon,Y
City Council,2023,05,Afternoon,Y
City Council,2023,05,Evening,Y
City Council,2023,05,Evening,Y
City Council,2023,05,Evening,Y
City Council,2023,05,Evening,Y
City Council,2023,05,Evening,Y
City Council,2023,05,Evening,Y
City Council,2023,05,Evening,Y
City Council,2023,05,Evening,N
City Council,2023,05,Evening,Y
City Council,2023,05,Evening,Y
City Council,2023,05,Evening,Y
City Council,2023,05,Evening,Y
City Council,2023,05,Evening,Y
City Council,2023,05,Evening,Y
City Council,2023,05,Evening,Y
City Council,2023,05,Evening,Y
City Council,2023,05,Evening,Y
City Council,2023,05,Evening,Y
City Council,2023,05,Evening,Y
City Council,2023,05,Evening,N
City Council,2023,05,Evening,Y
City Council,2023,05,Evening,Y
City Council,2023,05,Evening,Y
City Council,2023,05,Evening,Y
City Council,2023,05,Evening,Y
City Council,2023,05,Evening,Y
City Council,2023,05,Evening,Y
City Council,2023,05,Evening,Y
City Council,2023,05,Evening,N
City Council,2023,05,Evening,Y
City Council,2023,05,Evening,Y
City Council,2023,05,Evening,N
City Council,2023,05,Evening,N
City Council,2023,05,Evening,N
City Council,2023,05,Evening,Y
City Council,2023,05,Evening,Y
City Council,2023,05,Evening,Y
City Council,2023,05,Evening,Y
City Council,2023,05,Evening,Y
City Council,2023,05,Evening,Y
City Council,2023,05,Evening,Y
City Council,2023,05,Evening,Y
City Council,2023,05,Evening,Y
City Council,2023,05,Evening,Y
City Council,2023,05,Evening,N
City Council,2023,05,Evening,Y
City Council,2023,05,Evening,Y
City Council,2023,05,Evening,Y
City Council,2023,05,Evening,N
City Council,2023,05,Evening,Y
City Council,2023,05,Morning,Y
City Council,2023,05,Morning,Y
City Council,2023,05,Morning,Y
City Council,2023,05,Morning,Y
City Council,2023,05,Morning,Y
City Council,2023,05,Morning,Y
City Council,2023,05,Morning,Y
City Council,2023,05,Morning,Y
City Council,2023,05,Morning,Y
City Council,2023,05,Morning,Y
City Council,2023,05,Morning,Y
City Council,2023,05,Morning,Y
City Council,2023,05,Morning,Y
City Council,2023,05,Morning,Y
City Council,2023,05,Morning,Y
City Council,2023,05,Morning,Y
City Council,2023,05,Morning,Y
City Council,2023,05,Morning,Y
City Council,2023,05,Morning,Y
City Council,2023,05,Morning,N
City Council,2023,05,Morning,Y
City Council,2023,05,Morning,Y
City Council,2023,05,Morning,Y
City Council,2023,05,Morning,Y
City Council,2023,05,Morning,Y
City Council,2023,05,Afternoon,Y
City Council,2023,05,Afternoon,Y
City Council,2023,05,Afternoon,Y
City Council,2023,05,Afternoon,Y
City Council,2023,05,Afternoon,Y
City Council,2023,05,Afternoon,Y
City Council,2023,05,Afternoon,Y
City Council,2023,05,Afternoon,Y
City Council,2023,05,Afternoon,Y
City Council,2023,05,Afternoon,Y
City Council,2023,05,Afternoon,Y
City Council,2023,05,Afternoon,Y
City Council,2023,05,Afternoon,Y
City Council,2023,05,Afternoon,Y
City Council,2023,05,Afternoon,Y
City Council,2023,05,Afternoon,Y
City Council,2023,05,Afternoon,Y
City Council,2023,05,Afternoon,Y
City Council,2023,05,Afternoon,Y
City Council,2023,05,Afternoon,Y
City Council,2023,05,Afternoon,Y
City Council,2023,05,Afternoon,Y
City Council,2023,05,Afternoon,Y
City Council,2023,05,Afternoon,Y
City Council,2023,05,Afternoon,Y
City Council,2023,06,Morning,Y
City Council,2023,06,Morning,Y
City Council,2023,06,Morning,Y
City Council,2023,06,Morning,Y
City Council,2023,06,Morning,Y
City Council,2023,06,Morning,Y
City Council,2023,06,Morning,Y
City Council,2023,06,Morning,Y
City Council,2023,06,Morning,N
City Council,2023,06,Morning,Y
City Council,2023,06,Morning,Y
City Council,2023,06,Morning,Y
City Council,2023,06,Morning,Y
City Council,2023,06,Morning,Y
City Council,2023,06,Morning,Y
City Council,2023,06,Morning,Y
City Council,2023,06,Morning,Y
City Council,2023,06,Morning,Y
City Council,2023,06,Morning,Y
City Council,2023,06,Morning,Y
City Council,2023,06,Morning,Y
City Council,2023,06,Morning,Y
City Council,2023,06,Morning,Y
City Council,2023,06,Morning,Y
City Council,2023,06,Morning,Y
City Council,2023,06,Morning,Y
City Council,2023,06,Morning,Y
City Council,2023,06,Morning,Y
City Council,2023,06,Morning,Y
City Council,2023,06,Morning,Y
City Council,2023,06,Morning,Y
City Council,2023,06,Morning,Y
City Council,2023,06,Morning,Y
City Council,2023,06,Morning,N
City Council,2023,06,Morning,Y
City Council,2023,06,Morning,Y
City Council,2023,06,Morning,Y
City Council,2023,06,Morning,Y
City Council,2023,06,Morning,Y
City Council,2023,06,Morning,Y
City Council,2023,06,Morning,Y
City Council,2023,06,Morning,Y
City Council,2023,06,Morning,Y
City Council,2023,06,Morning,Y
City Council,2023,06,Morning,Y
City Council,2023,06,Morning,Y
City Council,2023,06,Morning,Y
City Council,2023,06,Morning,Y
City Council,2023,06,Morning,Y
City Council,2023,06,Morning,Y
City Council,2023,06,Morning,N
City Council,2023,06,Morning,Y
City Council,2023,06,Morning,Y
City Council,2023,06,Morning,Y
City Council,2023,06,Morning,Y
City Council,2023,06,Morning,Y
City Council,2023,06,Morning,Y
City Council,2023,06,Morning,Y
City Council,2023,06,Morning,N
City Council,2023,06,Morning,Y
City Council,2023,06,Morning,Y
City Council,2023,06,Morning,Y
City Council,2023,06,Morning,Y
City Council,2023,06,Morning,Y
City Council,2023,06,Morning,Y
City Council,2023,06,Morning,Y
City Council,2023,06,Morning,Y
City Council,2023,06,Morning,Y
City Council,2023,06,Morning,Y
City Council,2023,06,Morning,Y
City Council,2023,06,Morning,Y
City Council,2023,06,Morning,Y
City Council,2023,06,Morning,Y
City Council,2023,06,Morning,Y
City Council,2023,06,Morning,Y
City Council,2023,06,Afternoon,Y
City Council,2023,06,Afternoon,Y
City Council,2023,06,Afternoon,Y
City Council,2023,06,Afternoon,Y
City Council,2023,06,Afternoon,Y
City Council,2023,06,Afternoon,Y
City Council,2023,06,Afternoon,Y
City Council,2023,06,Afternoon,Y
City Council,2023,06,Afternoon,Y
City Council,2023,06,Afternoon,Y
City Council,2023,06,Afternoon,Y
City Council,2023,06,Afternoon,Y
City Council,2023,06,Afternoon,Y
City Council,2023,06,Afternoon,Y
City Council,2023,06,Afternoon,Y
City Council,2023,06,Afternoon,Y
City Council,2023,06,Afternoon,Y
City Council,2023,06,Afternoon,Y
City Council,2023,06,Afternoon,Y
City Council,2023,06,Afternoon,Y
City Council,2023,06,Afternoon,Y
City Council,2023,06,Afternoon,Y
City Council,2023,06,Afternoon,Y
City Council,2023,06,Afternoon,Y
City Council,2023,06,Afternoon,Y
City Council,2023,06,Morning,Y
City Council,2023,06,Morning,Y
City Council,2023,06,Morning,Y
City Council,2023,06,Morning,Y
City Council,2023,06,Morning,Y
City Council,2023,06,Morning,Y
City Council,2023,06,Morning,Y
City Council,2023,06,Morning,Y
City Council,2023,06,Morning,Y
City Council,2023,06,Morning,Y
City Council,2023,06,Morning,Y
City Council,2023,06,Morning,Y
City Council,2023,06,Morning,Y
City Council,2023,06,Morning,Y
City Council,2023,06,Morning,Y
City Council,2023,06,Morning,Y
City Council,2023,06,Morning,Y
City Council,2023,06,Morning,Y
City Council,2023,06,Morning,Y
City Council,2023,06,Morning,Y
City Council,2023,06,Morning,Y
City Council,2023,06,Morning,Y
City Council,2023,06,Morning,Y
City Council,2023,06,Morning,Y
City Council,2023,06,Morning,Y
City Council,2023,06,Afternoon,Y
City Council,2023,06,Afternoon,Y
City Council,2023,06,Afternoon,Y
City Council,2023,06,Afternoon,Y
City Council,2023,06,Afternoon,Y
City Council,2023,06,Afternoon,Y
City Council,2023,06,Afternoon,Y
City Council,2023,06,Afternoon,Y
City Council,2023,06,Afternoon,Y
City Council,2023,06,Afternoon,Y
City Council,2023,06,Afternoon,Y
City Council,2023,06,Afternoon,Y
City Council,2023,06,Afternoon,Y
City Council,2023,06,Afternoon,Y
City Council,2023,06,Afternoon,Y
City Council,2023,06,Afternoon,Y
City Council,2023,06,Afternoon,Y
City Council,2023,06,Afternoon,Y
City Council,2023,06,Afternoon,Y
City Council,2023,06,Afternoon,Y
City Council,2023,06,Afternoon,Y
City Council,2023,06,Afternoon,Y
City Council,2023,06,Afternoon,Y
City Council,2023,06,Afternoon,Y
City Council,2023,06,Afternoon,Y
City Council,2023,07,Morning,Y
City Council,2023,07,Morning,Y
City Council,2023,07,Morning,Y
City Council,2023,07,Morning,Y
City Council,2023,07,Morning,Y
City Council,2023,07,Morning,Y
City Council,2023,07,Morning,Y
City Council,2023,07,Morning,Y
City Council,2023,07,Morning,Y
City Council,2023,07,Morning,Y
City Council,2023,07,Morning,Y
City Council,2023,07,Morning,Y
City Council,2023,07,Morning,Y
City Council,2023,07,Morning,Y
City Council,2023,07,Morning,Y
City Council,2023,07,Morning,Y
City Council,2023,07,Morning,Y
City Council,2023,07,Morning,Y
City Council,2023,07,Morning,Y
City Council,2023,07,Morning,Y
City Council,2023,07,Morning,Y
City Council,2023,07,Morning,Y
City Council,2023,07,Morning,Y
City Council,2023,07,Morning,Y
City Council,2023,07,Morning,Y
City Council,2023,07,Morning,Y
City Council,2023,07,Afternoon,Y
City Council,2023,07,Afternoon,Y
City Council,2023,07,Afternoon,Y
City Council,2023,07,Afternoon,Y
City Council,2023,07,Afternoon,Y
City Council,2023,07,Afternoon,Y
City Council,2023,07,Afternoon,Y
City Council,2023,07,Afternoon,Y
City Council,2023,07,Afternoon,N
City Council,2023,07,Afternoon,Y
City Council,2023,07,Afternoon,Y
City Council,2023,07,Afternoon,Y
City Council,2023,07,Afternoon,Y
City Council,2023,07,Afternoon,Y
City Council,2023,07,Afternoon,Y
City Council,2023,07,Afternoon,Y
City Council,2023,07,Afternoon,Y
City Council,2023,07,Afternoon,Y
City Council,2023,07,Afternoon,Y
City Council,2023,07,Afternoon,Y
City Council,2023,07,Afternoon,Y
City Council,2023,07,Afternoon,Y
City Council,2023,07,Afternoon,Y
City Council,2023,07,Afternoon,Y
City Council,2023,07,Afternoon,Y
City Council,2023,07,Afternoon,Y
City Council,2023,07,Morning,Y
City Council,2023,07,Morning,Y
City Council,2023,07,Morning,Y
City Council,2023,07,Morning,Y
City Council,2023,07,Morning,Y
City Council,2023,07,Morning,Y
City Council,2023,07,Morning,Y
City Council,2023,07,Morning,Y
City Council,2023,07,Morning,N
City Council,2023,07,Morning,Y
City Council,2023,07,Morning,Y
City Council,2023,07,Morning,Y
City Council,2023,07,Morning,Y
City Council,2023,07,Morning,Y
City Council,2023,07,Morning,Y
City Council,2023,07,Morning,Y
City Council,2023,07,Morning,Y
City Council,2023,07,Morning,Y
City Council,2023,07,Morning,Y
City Council,2023,07,Morning,Y
City Council,2023,07,Morning,Y
City Council,2023,07,Morning,Y
City Council,2023,07,Morning,Y
City Council,2023,07,Morning,Y
City Council,2023,07,Morning,Y
City Council,2023,07,Morning,Y
City Council,2023,07,Afternoon,Y
City Council,2023,07,Afternoon,Y
City Council,2023,07,Afternoon,N
City Council,2023,07,Afternoon,Y
City Council,2023,07,Afternoon,Y
City Council,2023,07,Afternoon,Y
City Council,2023,07,Afternoon,Y
City Council,2023,07,Afternoon,Y
City Council,2023,07,Afternoon,Y
City Council,2023,07,Afternoon,Y
City Council,2023,07,Afternoon,Y
City Council,2023,07,Afternoon,Y
City Council,2023,07,Afternoon,Y
City Council,2023,07,Afternoon,Y
City Council,2023,07,Afternoon,Y
City Council,2023,07,Afternoon,Y
City Council,2023,07,Afternoon,N
City Council,2023,07,Afternoon,N
City Council,2023,07,Afternoon,Y
City Council,2023,07,Afternoon,Y
City Council,2023,07,Afternoon,Y
City Council,2023,07,Afternoon,Y
City Council,2023,07,Afternoon,Y
City Council,2023,07,Afternoon,Y
City Council,2023,07,Afternoon,Y
City Council,2023,07,Afternoon,Y
City Council,2023,07,Afternoon,Y
City Council,2023,07,Afternoon,Y
City Council,2023,07,Afternoon,N
City Council,2023,07,Afternoon,Y
City Council,2023,07,Afternoon,Y
City Council,2023,07,Afternoon,Y
City Council,2023,07,Afternoon,Y
City Council,2023,07,Afternoon,Y
City Council,2023,07,Afternoon,Y
City Council,2023,07,Afternoon,N
City Council,2023,07,Afternoon,Y
City Council,2023,07,Afternoon,Y
City Council,2023,07,Afternoon,Y
City Council,2023,07,Afternoon,Y
City Council,2023,07,Afternoon,Y
City Council,2023,07,Afternoon,Y
City Council,2023,07,Afternoon,Y
City Council,2023,07,Afternoon,Y
City Council,2023,07,Afternoon,Y
City Council,2023,07,Afternoon,N
City Council,2023,07,Afternoon,N
City Council,2023,07,Afternoon,Y
City Council,2023,07,Afternoon,Y
City Council,2023,07,Afternoon,Y
City Council,2023,07,Afternoon,N
City Council,2023,07,Afternoon,Y
City Council,2023,07,Afternoon,N
City Council,2023,07,Afternoon,Y
City Council,2023,07,Afternoon,Y
City Council,2023,07,Afternoon,Y
City Council,2023,07,Afternoon,Y
City Council,2023,07,Afternoon,Y
City Council,2023,07,Afternoon,Y
City Council,2023,07,Afternoon,Y
City Council,2023,07,Afternoon,N
City Council,2023,07,Afternoon,Y
City Council,2023,07,Afternoon,Y
City Council,2023,07,Afternoon,Y
City Council,2023,07,Afternoon,Y
City Council,2023,07,Afternoon,Y
City Council,2023,07,Afternoon,Y
City Council,2023,07,Afternoon,Y
City Council,2023,07,Afternoon,Y
City Council,2023,07,Afternoon,Y
City Council,2023,07,Afternoon,Y
City Council,2023,07,Afternoon,Y
City Council,2023,07,Afternoon,Y
City Council,2023,07,Afternoon,Y
City Council,2023,07,Afternoon,Y
City Council,2023,07,Afternoon,N
City Council,2023,07,Afternoon,Y
City Council,2023,07,Afternoon,Y
City Council,2023,08,Afternoon,Y
City Council,2023,08,Afternoon,Y
City Council,2023,08,Afternoon,Y
City Council,2023,08,Afternoon,Y
City Council,2023,08,Afternoon,Y
City Council,2023,08,Afternoon,N
City Council,2023,08,Afternoon,Y
City Council,2023,08,Afternoon,Y
City Council,2023,08,Afternoon,Y
City Council,2023,08,Afternoon,Y
City Council,2023,08,Afternoon,Y
City Council,2023,08,Afternoon,Y
City Council,2023,08,Afternoon,Y
City Council,2023,08,Afternoon,N
City Council,2023,08,Afternoon,Y
City Council,2023,08,Afternoon,Y
City Council,2023,08,Afternoon,Y
City Council,2023,08,Afternoon,N
City Council,2023,08,Afternoon,Y
City Council,2023,08,Afternoon,N
City Council,2023,08,Afternoon,Y
City Council,2023,08,Afternoon,Y
City Council,2023,08,Afternoon,Y
City Council,2023,08,Afternoon,Y
City Council,2023,08,Afternoon,N
City Council,2023,09,Morning,Y
City Council,2023,09,Morning,Y
City Council,2023,09,Morning,Y
City Council,2023,09,Morning,N
City Council,2023,09,Morning,Y
City Council,2023,09,Morning,Y
City Council,2023,09,Morning,Y
City Council,2023,09,Morning,Y
City Council,2023,09,Morning,Y
City Council,2023,09,Morning,Y
City Council,2023,09,Morning,Y
City Council,2023,09,Morning,Y
City Council,2023,09,Morning,Y
City Council,2023,09,Morning,Y
City Council,2023,09,Morning,Y
City Council,2023,09,Morning,Y
City Council,2023,09,Morning,Y
City Council,2023,09,Morning,Y
City Council,2023,09,Morning,Y
City Council,2023,09,Morning,Y
City Council,2023,09,Morning,Y
City Council,2023,09,Morning,Y
City Council,2023,09,Morning,Y
City Council,2023,09,Morning,Y
City Council,2023,09,Morning,Y
City Council,2023,09,Afternoon,Y
City Council,2023,09,Afternoon,Y
City Council,2023,09,Afternoon,Y
City Council,2023,09,Afternoon,Y
City Council,2023,09,Afternoon,Y
City Council,2023,09,Afternoon,Y
City Council,2023,09,Afternoon,N
City Council,2023,09,Afternoon,N
City Council,2023,09,Afternoon,Y
City Council,2023,09,Afternoon,Y
City Council,2023,09,Afternoon,Y
City Council,2023,09,Afternoon,Y
City Council,2023,09,Afternoon,Y
City Council,2023,09,Afternoon,Y
City Council,2023,09,Afternoon,Y
City Council,2023,09,Afternoon,Y
City Council,2023,09,Afternoon,N
City Council,2023,09,Afternoon,Y
City Council,2023,09,Afternoon,Y
City Council,2023,09,Afternoon,Y
City Council,2023,09,Afternoon,Y
City Council,2023,09,Afternoon,Y
City Council,2023,09,Afternoon,Y
City Council,2023,09,Afternoon,Y
City Council,2023,09,Afternoon,Y
City Council,2023,09,Afternoon,Y
City Council,2023,09,Afternoon,Y
City Council,2023,09,Afternoon,Y
City Council,2023,09,Afternoon,Y
City Council,2023,09,Afternoon,Y
City Council,2023,09,Afternoon,Y
City Council,2023,09,Afternoon,Y
City Council,2023,09,Afternoon,Y
City Council,2023,09,Afternoon,Y
City Council,2023,09,Afternoon,N
City Council,2023,09,Afternoon,Y
City Council,2023,09,Afternoon,Y
City Council,2023,09,Afternoon,Y
City Council,2023,09,Afternoon,Y
City Council,2023,09,Afternoon,Y
City Council,2023,09,Afternoon,Y
City Council,2023,09,Afternoon,Y
City Council,2023,09,Afternoon,Y
City Council,2023,09,Afternoon,N
City Council,2023,09,Afternoon,Y
City Council,2023,09,Afternoon,Y
City Council,2023,09,Afternoon,Y
City Council,2023,09,Afternoon,Y
City Council,2023,09,Afternoon,Y
City Council,2023,09,Afternoon,Y
City Council,2023,09,Evening,Y
City Council,2023,09,Evening,Y
City Council,2023,09,Evening,Y
City Council,2023,09,Evening,N
City Council,2023,09,Evening,Y
City Council,2023,09,Evening,Y
City Council,2023,09,Evening,Y
City Council,2023,09,Evening,Y
City Council,2023,09,Evening,N
City Council,2023,09,Evening,Y
City Council,2023,09,Evening,Y
City Council,2023,09,Evening,Y
City Council,2023,09,Evening,Y
City Council,2023,09,Evening,Y
City Council,2023,09,Evening,Y
City Council,2023,09,Evening,Y
City Council,2023,09,Evening,Y
City Council,2023,09,Evening,Y
City Council,2023,09,Evening,Y
City Council,2023,09,Evening,Y
City Council,2023,09,Evening,Y
City Council,2023,09,Evening,Y
City Council,2023,09,Evening,Y
City Council,2023,09,Evening,Y
City Council,2023,09,Evening,Y
City Council,2023,10,Morning,Y
City Council,2023,10,Morning,Y
City Council,2023,10,Morning,Y
City Council,2023,10,Morning,Y
City Council,2023,10,Morning,Y
City Council,2023,10,Morning,Y
City Council,2023,10,Morning,Y
City Council,2023,10,Morning,Y
City Council,2023,10,Morning,Y
City Council,2023,10,Morning,Y
City Council,2023,10,Morning,Y
City Council,2023,10,Morning,Y
City Council,2023,10,Morning,Y
City Council,2023,10,Morning,Y
City Council,2023,10,Morning,Y
City Council,2023,10,Morning,Y
City Council,2023,10,Morning,Y
City Council,2023,10,Morning,Y
City Council,2023,10,Morning,Y
City Council,2023,10,Morning,Y
City Council,2023,10,Morning,Y
City Council,2023,10,Morning,Y
City Council,2023,10,Morning,Y
City Council,2023,10,Morning,Y
City Council,2023,10,Morning,N
City Council,2023,10,Afternoon,Y
City Council,2023,10,Afternoon,Y
City Council,2023,10,Afternoon,Y
City Council,2023,10,Afternoon,Y
City Council,2023,10,Afternoon,Y
City Council,2023,10,Afternoon,Y
City Council,2023,10,Afternoon,Y
City Council,2023,10,Afternoon,Y
City Council,2023,10,Afternoon,Y
City Council,2023,10,Afternoon,Y
City Council,2023,10,Afternoon,Y
City Council,2023,10,Afternoon,Y
City Council,2023,10,Afternoon,Y
City Council,2023,10,Afternoon,Y
City Council,2023,10,Afternoon,Y
City Council,2023,10,Afternoon,Y
City Council,2023,10,Afternoon,Y
City Council,2023,10,Afternoon,Y
City Council,2023,10,Afternoon,Y
City Council,2023,10,Afternoon,Y
City Council,2023,10,Afternoon,Y
City Council,2023,10,Afternoon,Y
City Council,2023,10,Afternoon,Y
City Council,2023,10,Afternoon,Y
City Council,2023,10,Afternoon,N
City Council,2023,10,Afternoon,Y
City Council,2023,10,Afternoon,Y
City Council,2023,10,Afternoon,Y
City Council,2023,10,Afternoon,Y
City Council,2023,10,Afternoon,Y
City Council,2023,10,Afternoon,Y
City Council,2023,10,Afternoon,Y
City Council,2023,10,Afternoon,Y
City Council,2023,10,Afternoon,Y
City Council,2023,10,Afternoon,Y
City Council,2023,10,Afternoon,Y
City Council,2023,10,Afternoon,Y
City Council,2023,10,Afternoon,Y
City Council,2023,10,Afternoon,Y
City Council,2023,10,Afternoon,Y
City Council,2023,10,Afternoon,Y
City Council,2023,10,Afternoon,Y
City Council,2023,10,Afternoon,Y
City Council,2023,10,Afternoon,Y
City Council,2023,10,Afternoon,Y
City Council,2023,10,Afternoon,Y
City Council,2023,10,Afternoon,Y
City Council,2023,10,Afternoon,Y
City Council,2023,10,Afternoon,Y
City Council,2023,10,Afternoon,N
City Council,2023,10,Morning,Y
City Council,2023,10,Morning,Y
City Council,2023,10,Morning,Y
City Council,2023,10,Morning,Y
City Council,2023,10,Morning,Y
City Council,2023,10,Morning,Y
City Council,2023,10,Morning,Y
City Council,2023,10,Morning,Y
City Council,2023,10,Morning,N
City Council,2023,10,Morning,Y
City Council,2023,10,Morning,Y
City Council,2023,10,Morning,Y
City Council,2023,10,Morning,Y
City Council,2023,10,Morning,Y
City Council,2023,10,Morning,Y
City Council,2023,10,Morning,Y
City Council,2023,10,Morning,Y
City Council,2023,10,Morning,Y
City Council,2023,10,Morning,Y
City Council,2023,10,Morning,Y
City Council,2023,10,Morning,Y
City Council,2023,10,Morning,Y
City Council,2023,10,Morning,Y
City Council,2023,10,Morning,Y
City Council,2023,10,Morning,Y
City Council,2023,10,Morning,Y
City Council,2023,10,Morning,Y
City Council,2023,10,Morning,Y
City Council,2023,10,Morning,Y
City Council,2023,10,Morning,Y
City Council,2023,10,Morning,Y
City Council,2023,10,Morning,Y
City Council,2023,10,Morning,Y
City Council,2023,10,Morning,Y
City Council,2023,10,Morning,Y
City Council,2023,10,Morning,Y
City Council,2023,10,Morning,Y
City Council,2023,10,Morning,Y
City Council,2023,10,Morning,Y
City Council,2023,10,Morning,Y
City Council,2023,10,Morning,Y
City Council,2023,10,Morning,Y
City Council,2023,10,Morning,Y
City Council,2023,10,Morning,Y
City Council,2023,10,Morning,N
City Council,2023,10,Morning,N
City Council,2023,10,Morning,Y
City Council,2023,10,Morning,Y
City Council,2023,10,Morning,N
City Council,2023,10,Morning,N
City Council,2023,10,Afternoon,Y
City Council,2023,10,Afternoon,Y
City Council,2023,10,Afternoon,Y
City Council,2023,10,Afternoon,Y
City Council,2023,10,Afternoon,Y
City Council,2023,10,Afternoon,Y
City Council,2023,10,Afternoon,Y
City Council,2023,10,Afternoon,Y
City Council,2023,10,Afternoon,Y
City Council,2023,10,Afternoon,Y
City Council,2023,10,Afternoon,Y
City Council,2023,10,Afternoon,Y
City Council,2023,10,Afternoon,Y
City Council,2023,10,Afternoon,Y
City Council,2023,10,Afternoon,Y
City Council,2023,10,Afternoon,Y
City Council,2023,10,Afternoon,Y
City Council,2023,10,Afternoon,Y
City Council,2023,10,Afternoon,Y
City Council,2023,10,Afternoon,Y
City Council,2023,10,Afternoon,N
City Council,2023,10,Afternoon,Y
City Council,2023,10,Afternoon,Y
City Council,2023,10,Afternoon,Y
City Council,2023,10,Afternoon,Y
City Council,2023,10,Afternoon,Y
City Council,2023,10,Afternoon,Y
City Council,2023,10,Afternoon,Y
City Council,2023,10,Afternoon,Y
City Council,2023,10,Afternoon,Y
City Council,2023,10,Afternoon,Y
City Council,2023,10,Afternoon,Y
City Council,2023,10,Afternoon,Y
City Council,2023,10,Afternoon,N
City Council,2023,10,Afternoon,Y
City Council,2023,10,Afternoon,Y
City Council,2023,10,Afternoon,Y
City Council,2023,10,Afternoon,Y
City Council,2023,10,Afternoon,N
City Council,2023,10,Afternoon,Y
City Council,2023,10,Afternoon,Y
City Council,2023,10,Afternoon,Y
City Council,2023,10,Afternoon,Y
City Council,2023,10,Afternoon,Y
City Council,2023,10,Afternoon,Y
City Council,2023,10,Afternoon,Y
City Council,2023,10,Afternoon,Y
City Council,2023,10,Afternoon,Y
City Council,2023,10,Afternoon,Y
City Council,2023,10,Afternoon,Y
City Council,2023,10,Afternoon,Y
City Council,2023,10,Afternoon,Y
City Council,2023,10,Afternoon,Y
City Council,2023,10,Afternoon,Y
City Council,2023,10,Afternoon,Y
City Council,2023,10,Afternoon,Y
City Council,2023,10,Afternoon,Y
City Council,2023,10,Afternoon,N
City Council,2023,10,Afternoon,Y
City Council,2023,10,Afternoon,Y
City Council,2023,10,Afternoon,Y
City Council,2023,10,Afternoon,Y
City Council,2023,10,Afternoon,Y
City Council,2023,10,Afternoon,N
City Council,2023,10,Afternoon,Y
City Council,2023,10,Afternoon,Y
City Council,2023,10,Afternoon,N
City Council,2023,10,Afternoon,Y
City Council,2023,10,Afternoon,N
City Council,2023,10,Afternoon,N
City Council,2023,10,Afternoon,Y
City Council,2023,10,Afternoon,Y
City Council,2023,10,Afternoon,N
City Council,2023,10,Afternoon,N
City Council,2023,10,Afternoon,N
City Council,2023,10,Evening,Y
City Council,2023,10,Evening,Y
City Council,2023,10,Evening,Y
City Council,2023,10,Evening,Y
City Council,2023,10,Evening,Y
City Council,2023,10,Evening,Y
City Council,2023,10,Evening,Y
City Council,2023,10,Evening,Y
City Council,2023,10,Evening,N
City Council,2023,10,Evening,Y
City Council,2023,10,Evening,Y
City Council,2023,10,Evening,Y
City Council,2023,10,Evening,Y
City Council,2023,10,Evening,Y
City Council,2023,10,Evening,Y
City Council,2023,10,Evening,Y
City Council,2023,10,Evening,Y
City Council,2023,10,Evening,Y
City Council,2023,10,Evening,Y
City Council,2023,10,Evening,N
City Council,2023,10,Evening,Y
City Council,2023,10,Evening,Y
City Council,2023,10,Evening,Y
City Council,2023,10,Evening,Y
City Council,2023,10,Evening,N
City Council,2023,11,Morning,Y
City Council,2023,11,Morning,Y
City Council,2023,11,Morning,Y
City Council,2023,11,Morning,Y
City Council,2023,11,Morning,N
City Council,2023,11,Morning,Y
City Council,2023,11,Morning,Y
City Council,2023,11,Morning,Y
City Council,2023,11,Morning,Y
City Council,2023,11,Morning,Y
City Council,2023,11,Morning,Y
City Council,2023,11,Morning,Y
City Council,2023,11,Morning,Y
City Council,2023,11,Morning,Y
City Council,2023,11,Morning,Y
City Council,2023,11,Morning,Y
City Council,2023,11,Morning,Y
City Council,2023,11,Morning,Y
City Council,2023,11,Morning,Y
City Council,2023,11,Morning,Y
City Council,2023,11,Morning,Y
City Council,2023,11,Morning,Y
City Council,2023,11,Morning,N
City Council,2023,11,Morning,Y
City Council,2023,11,Morning,Y
City Council,2023,11,Afternoon,Y
City Council,2023,11,Afternoon,Y
City Council,2023,11,Afternoon,Y
City Council,2023,11,Afternoon,Y
City Council,2023,11,Afternoon,Y
City Council,2023,11,Afternoon,Y
City Council,2023,11,Afternoon,Y
City Council,2023,11,Afternoon,Y
City Council,2023,11,Afternoon,Y
City Council,2023,11,Afternoon,Y
City Council,2023,11,Afternoon,Y
City Council,2023,11,Afternoon,Y
City Council,2023,11,Afternoon,Y
City Council,2023,11,Afternoon,Y
City Council,2023,11,Afternoon,Y
City Council,2023,11,Afternoon,Y
City Council,2023,11,Afternoon,Y
City Council,2023,11,Afternoon,Y
City Council,2023,11,Afternoon,Y
City Council,2023,11,Afternoon,Y
City Council,2023,11,Afternoon,Y
City Council,2023,11,Afternoon,Y
City Council,2023,11,Afternoon,Y
City Council,2023,11,Afternoon,Y
City Council,2023,11,Afternoon,Y
City Council,2023,11,Morning,Y
City Council,2023,11,Morning,Y
City Council,2023,11,Morning,Y
City Council,2023,11,Morning,Y
City Council,2023,11,Morning,Y
City Council,2023,11,Morning,Y
City Council,2023,11,Morning,Y
City Council,2023,11,Morning,Y
City Council,2023,11,Morning,Y
City Council,2023,11,Morning,Y
City Council,2023,11,Morning,Y
City Council,2023,11,Morning,Y
City Council,2023,11,Morning,Y
City Council,2023,11,Morning,Y
City Council,2023,11,Morning,Y
City Council,2023,11,Morning,Y
City Council,2023,11,Morning,Y
City Council,2023,11,Morning,Y
City Council,2023,11,Morning,Y
City Council,2023,11,Morning,Y
City Council,2023,11,Morning,Y
City Council,2023,11,Morning,Y
City Council,2023,11,Morning,Y
City Council,2023,11,Morning,Y
City Council,2023,11,Morning,Y
City Council,2023,11,Morning,Y
City Council,2023,11,Morning,Y
City Council,2023,11,Morning,N
City Council,2023,11,Morning,Y
City Council,2023,11,Morning,Y
City Council,2023,11,Morning,Y
City Council,2023,11,Morning,Y
City Council,2023,11,Morning,Y
City Council,2023,11,Morning,Y
City Council,2023,11,Morning,Y
City Council,2023,11,Morning,Y
City Council,2023,11,Morning,Y
City Council,2023,11,Morning,Y
City Council,2023,11,Morning,Y
City Council,2023,11,Morning,Y
City Council,2023,11,Morning,N
City Council,2023,11,Morning,Y
City Council,2023,11,Morning,Y
City Council,2023,11,Morning,Y
City Council,2023,11,Morning,N
City Council,2023,11,Morning,N
City Council,2023,11,Morning,Y
City Council,2023,11,Morning,Y
City Council,2023,11,Morning,N
City Council,2023,11,Morning,N
City Council,2023,11,Afternoon,Y
City Council,2023,11,Afternoon,Y
City Council,2023,11,Afternoon,Y
City Council,2023,11,Afternoon,Y
City Council,2023,11,Afternoon,Y
City Council,2023,11,Afternoon,Y
City Council,2023,11,Afternoon,Y
City Council,2023,11,Afternoon,Y
City Council,2023,11,Afternoon,Y
City Council,2023,11,Afternoon,Y
City Council,2023,11,Afternoon,Y
City Council,2023,11,Afternoon,Y
City Council,2023,11,Afternoon,Y
City Council,2023,11,Afternoon,Y
City Council,2023,11,Afternoon,Y
City Council,2023,11,Afternoon,Y
City Council,2023,11,Afternoon,Y
City Council,2023,11,Afternoon,Y
City Council,2023,11,Afternoon,Y
City Council,2023,11,Afternoon,Y
City Council,2023,11,Afternoon,Y
City Council,2023,11,Afternoon,Y
City Council,2023,11,Afternoon,N
City Council,2023,11,Afternoon,Y
City Council,2023,11,Afternoon,N
City Council,2023,12,Morning,Y
City Council,2023,12,Morning,Y
City Council,2023,12,Morning,Y
City Council,2023,12,Morning,Y
City Council,2023,12,Morning,Y
City Council,2023,12,Morning,Y
City Council,2023,12,Morning,Y
City Council,2023,12,Morning,Y
City Council,2023,12,Morning,Y
City Council,2023,12,Morning,Y
City Council,2023,12,Morning,Y
City Council,2023,12,Morning,Y
City Council,2023,12,Morning,Y
City Council,2023,12,Morning,Y
City Council,2023,12,Morning,Y
City Council,2023,12,Morning,Y
City Council,2023,12,Morning,Y
City Council,2023,12,Morning,Y
City Council,2023,12,Morning,Y
City Council,2023,12,Morning,Y
City Council,2023,12,Morning,Y
City Council,2023,12,Morning,Y
City Council,2023,12,Morning,Y
City Council,2023,12,Morning,Y
City Council,2023,12,Morning,Y
City Council,2023,12,Morning,Y
City Council,2023,12,Afternoon,Y
City Council,2023,12,Afternoon,Y
City Council,2023,12,Afternoon,Y
City Council,2023,12,Afternoon,Y
City Council,2023,12,Afternoon,Y
City Council,2023,12,Afternoon,Y
City Council,2023,12,Afternoon,Y
City Council,2023,12,Afternoon,Y
City Council,2023,12,Afternoon,Y
City Council,2023,12,Afternoon,Y
City Council,2023,12,Afternoon,Y
City Council,2023,12,Afternoon,Y
City Council,2023,12,Afternoon,Y
City Council,2023,12,Afternoon,Y
City Council,2023,12,Afternoon,Y
City Council,2023,12,Afternoon,Y
City Council,2023,12,Afternoon,Y
City Council,2023,12,Afternoon,Y
City Council,2023,12,Afternoon,Y
City Council,2023,12,Afternoon,Y
City Council,2023,12,Afternoon,Y
City Council,2023,12,Afternoon,Y
City Council,2023,12,Afternoon,Y
City Council,2023,12,Afternoon,Y
City Council,2023,12,Afternoon,Y
City Council,2023,12,Afternoon,Y
City Council,2023,12,Afternoon,Y
City Council,2023,12,Afternoon,Y
City Council,2023,12,Afternoon,Y
City Council,2023,12,Afternoon,Y
City Council,2023,12,Afternoon,Y
City Council,2023,12,Afternoon,Y
City Council,2023,12,Afternoon,Y
City Council,2023,12,Afternoon,Y
City Council,2023,12,Afternoon,Y
City Council,2023,12,Afternoon,Y
City Council,2023,12,Afternoon,Y
City Council,2023,12,Afternoon,Y
City Council,2023,12,Afternoon,Y
City Council,2023,12,Afternoon,Y
City Council,2023,12,Afternoon,Y
City Council,2023,12,Afternoon,Y
City Council,2023,12,Afternoon,Y
City Council,2023,12,Afternoon,Y
City Council,2023,12,Afternoon,N
City Council,2023,12,Afternoon,Y
City Council,2023,12,Afternoon,Y
City Council,2023,12,Afternoon,Y
City Council,2023,12,Afternoon,Y
City Council,2023,12,Afternoon,N
City Council,2023,12,Afternoon,Y
City Council,2023,12,Afternoon,Y
City Council,2023,12,Afternoon,Y
City Council,2023,12,Afternoon,Y
City Council,2023,12,Afternoon,Y
City Council,2023,12,Afternoon,Y
City Council,2023,12,Afternoon,Y
City Council,2023,12,Afternoon,Y
City Council,2023,12,Afternoon,Y
City Council,2023,12,Afternoon,Y
City Council,2023,12,Afternoon,Y
City Council,2023,12,Afternoon,Y
City Council,2023,12,Afternoon,Y
City Council,2023,12,Afternoon,Y
City Council,2023,12,Afternoon,Y
City Council,2023,12,Afternoon,Y
City Council,2023,12,Afternoon,Y
City Council,2023,12,Afternoon,Y
City Council,2023,12,Afternoon,Y
City Council,2023,12,Afternoon,Y
City Council,2023,12,Afternoon,N
City Council,2023,12,Afternoon,Y
City Council,2023,12,Afternoon,Y
City Council,2023,12,Afternoon,Y
City Council,2023,12,Afternoon,Y
City Council,2023,12,Afternoon,N
City Council,2023,12,Afternoon,Y
City Council,2023,12,Afternoon,Y
City Council,2023,12,Morning,Y
City Council,2023,12,Morning,Y
City Council,2023,12,Morning,Y
City Council,2023,12,Morning,Y
City Council,2023,12,Morning,Y
City Council,2023,12,Morning,Y
City Council,2023,12,Morning,Y
City Council,2023,12,Morning,Y
City Council,2023,12,Morning,Y
City Council,2023,12,Morning,Y
City Council,2023,12,Morning,Y
City Council,2023,12,Morning,Y
City Council,2023,12,Morning,Y
City Council,2023,12,Morning,Y
City Council,2023,12,Morning,Y
City Council,2023,12,Morning,Y
City Council,2023,12,Morning,Y
City Council,2023,12,Morning,Y
City Council,2023,12,Morning,Y
City Council,2023,12,Morning,Y
City Council,2023,12,Morning,Y
City Council,2023,12,Morning,Y
City Council,2023,12,Morning,Y
City Council,2023,12,Morning,N
City Council,2023,12,Morning,Y
City Council,2023,12,Morning,Y
City Council,2023,12,Afternoon,Y
City Council,2023,12,Afternoon,Y
City Council,2023,12,Afternoon,Y
City Council,2023,12,Afternoon,Y
City Council,2023,12,Afternoon,Y
City Council,2023,12,Afternoon,Y
City Council,2023,12,Afternoon,Y
City Council,2023,12,Afternoon,Y
City Council,2023,12,Afternoon,Y
City Council,2023,12,Afternoon,Y
City Council,2023,12,Afternoon,Y
City Council,2023,12,Afternoon,Y
City Council,2023,12,Afternoon,Y
City Council,2023,12,Afternoon,Y
City Council,2023,12,Afternoon,Y
City Council,2023,12,Afternoon,Y
City Council,2023,12,Afternoon,Y
City Council,2023,12,Afternoon,Y
City Council,2023,12,Afternoon,Y
City Council,2023,12,Afternoon,Y
City Council,2023,12,Afternoon,Y
City Council,2023,12,Afternoon,Y
City Council,2023,12,Afternoon,Y
City Council,2023,12,Afternoon,Y
City Council,2023,12,Afternoon,Y
City Council,2023,12,Afternoon,Y
City Council,2023,12,Afternoon,Y
City Council,2023,12,Afternoon,Y
City Council,2023,12,Afternoon,Y
City Council,2023,12,Afternoon,Y
City Council,2023,12,Afternoon,Y
City Council,2023,12,Afternoon,Y
City Council,2023,12,Afternoon,Y
City Council,2023,12,Afternoon,Y
City Council,2023,12,Afternoon,Y
City Council,2023,12,Afternoon,Y
City Council,2023,12,Afternoon,Y
City Council,2023,12,Afternoon,Y
City Council,2023,12,Afternoon,Y
City Council,2023,12,Afternoon,Y
City Council,2023,12,Afternoon,Y
City Council,2023,12,Afternoon,Y
City Council,2023,12,Afternoon,Y
City Council,2023,12,Afternoon,Y
City Council,2023,12,Afternoon,Y
City Council,2023,12,Afternoon,Y
City Council,2023,12,Afternoon,N
City Council,2023,12,Afternoon,Y
City Council,2023,12,Afternoon,Y
City Council,2023,12,Afternoon,Y
City Council,2023,12,Afternoon,Y
City Council,2023,12,Afternoon,Y
City Council,2023,12,Evening,N
City Council,2023,12,Evening,Y
City Council,2023,12,Evening,Y
City Council,2023,12,Evening,Y
City Council,2023,12,Evening,Y
City Council,2023,12,Evening,Y
City Council,2023,12,Evening,Y
City Council,2023,12,Evening,Y
City Council,2023,12,Evening,N
City Council,2023,12,Evening,Y
City Council,2023,12,Evening,Y
City Council,2023,12,Evening,Y
City Council,2023,12,Evening,Y
City Council,2023,12,Evening,Y
City Council,2023,12,Evening,Y
City Council,2023,12,Evening,Y
City Council,2023,12,Evening,Y
City Council,2023,12,Evening,Y
City Council,2023,12,Evening,Y
City Council,2023,12,Evening,Y
City Council,2023,12,Evening,Y
City Council,2023,12,Evening,Y
City Council,2023,12,Evening,N
City Council,2023,12,Evening,Y
City Council,2023,12,Evening,Y
City Council,2023,12,Evening,N
City Council,2023,12,Morning,Y
City Council,2023,12,Morning,Y
City Council,2023,12,Morning,Y
City Council,2023,12,Morning,Y
City Council,2023,12,Morning,Y
City Council,2023,12,Morning,Y
City Council,2023,12,Morning,Y
City Council,2023,12,Morning,Y
City Council,2023,12,Morning,Y
City Council,2023,12,Morning,Y
City Council,2023,12,Morning,Y
City Council,2023,12,Morning,Y
City Council,2023,12,Morning,Y
City Council,2023,12,Morning,N
City Council,2023,12,Morning,Y
City Council,2023,12,Morning,Y
City Council,2023,12,Morning,Y
City Council,2023,12,Morning,Y
City Council,2023,12,Morning,Y
City Council,2023,12,Morning,Y
City Council,2023,12,Morning,Y
City Council,2023,12,Morning,Y
City Council,2023,12,Morning,Y
City Council,2023,12,Morning,Y
City Council,2023,12,Morning,Y
City Council,2023,12,Morning,Y
City Council,2023,12,Afternoon,Y
City Council,2023,12,Afternoon,Y
City Council,2023,12,Afternoon,Y
City Council,2023,12,Afternoon,Y
City Council,2023,12,Afternoon,Y
City Council,2023,12,Afternoon,Y
City Council,2023,12,Afternoon,Y
City Council,2023,12,Afternoon,Y
City Council,2023,12,Afternoon,Y
City Council,2023,12,Afternoon,N
City Council,2023,12,Afternoon,Y
City Council,2023,12,Afternoon,Y
City Council,2023,12,Afternoon,Y
City Council,2023,12,Afternoon,Y
City Council,2023,12,Afternoon,Y
City Council,2023,12,Afternoon,Y
City Council,2023,12,Afternoon,N
City Council,2023,12,Afternoon,Y
City Council,2023,12,Afternoon,Y
City Council,2023,12,Afternoon,Y
City Council,2023,12,Afternoon,Y
City Council,2023,12,Afternoon,Y
City Council,2023,12,Afternoon,Y
City Council,2023,12,Afternoon,N
City Council,2023,12,Afternoon,Y
City Council,2023,12,Afternoon,Y
City Council,2024,02,Morning,Y
City Council,2024,02,Morning,Y
City Council,2024,02,Morning,Y
City Council,2024,02,Morning,Y
City Council,2024,02,Morning,Y
City Council,2024,02,Morning,Y
City Council,2024,02,Morning,Y
City Council,2024,02,Morning,Y
City Council,2024,02,Morning,Y
City Council,2024,02,Morning,Y
City Council,2024,02,Morning,Y
City Council,2024,02,Morning,Y
City Council,2024,02,Morning,Y
City Council,2024,02,Morning,Y
City Council,2024,02,Morning,Y
City Council,2024,02,Morning,Y
City Council,2024,02,Morning,Y
City Council,2024,02,Morning,Y
City Council,2024,02,Morning,Y
City Council,2024,02,Morning,Y
City Council,2024,02,Morning,Y
City Council,2024,02,Morning,Y
City Council,2024,02,Morning,Y
City Council,2024,02,Morning,Y
City Council,2024,02,Morning,Y
City Council,2024,02,Morning,Y
City Council,2024,02,Afternoon,Y
City Council,2024,02,Afternoon,Y
City Council,2024,02,Afternoon,Y
City Council,2024,02,Afternoon,Y
City Council,2024,02,Afternoon,Y
City Council,2024,02,Afternoon,Y
City Council,2024,02,Afternoon,Y
City Council,2024,02,Afternoon,Y
City Council,2024,02,Afternoon,Y
City Council,2024,02,Afternoon,Y
City Council,2024,02,Afternoon,Y
City Council,2024,02,Afternoon,Y
City Council,2024,02,Afternoon,Y
City Council,2024,02,Afternoon,Y
City Council,2024,02,Afternoon,Y
City Council,2024,02,Afternoon,Y
City Council,2024,02,Afternoon,Y
City Council,2024,02,Afternoon,Y
City Council,2024,02,Afternoon,Y
City Council,2024,02,Afternoon,Y
City Council,2024,02,Afternoon,Y
City Council,2024,02,Afternoon,Y
City Council,2024,02,Afternoon,Y
City Council,2024,02,Afternoon,Y
City Council,2024,02,Afternoon,Y
City Council,2024,02,Afternoon,Y
City Council,2024,02,Morning,Y
City Council,2024,02,Morning,Y
City Council,2024,02,Morning,Y
City Council,2024,02,Morning,Y
City Council,2024,02,Morning,Y
City Council,2024,02,Morning,Y
City Council,2024,02,Morning,Y
City Council,2024,02,Morning,Y
City Council,2024,02,Morning,Y
City Council,2024,02,Morning,Y
City Council,2024,02,Morning,Y
City Council,2024,02,Morning,Y
City Council,2024,02,Morning,Y
City Council,2024,02,Morning,Y
City Council,2024,02,Morning,Y
City Council,2024,02,Morning,Y
City Council,2024,02,Morning,Y
City Council,2024,02,Morning,Y
City Council,2024,02,Morning,Y
City Council,2024,02,Morning,Y
City Council,2024,02,Morning,Y
City Council,2024,02,Morning,Y
City Council,2024,02,Morning,Y
City Council,2024,02,Morning,Y
City Council,2024,02,Morning,Y
City Council,2024,02,Morning,Y
City Council,2024,02,Afternoon,Y
City Council,2024,02,Afternoon,Y
City Council,2024,02,Afternoon,Y
City Council,2024,02,Afternoon,Y
City Council,2024,02,Afternoon,Y
City Council,2024,02,Afternoon,Y
City Council,2024,02,Afternoon,Y
City Council,2024,02,Afternoon,Y
City Council,2024,02,Afternoon,Y
City Council,2024,02,Afternoon,Y
City Council,2024,02,Afternoon,Y
City Council,2024,02,Afternoon,Y
City Council,2024,02,Afternoon,Y
City Council,2024,02,Afternoon,Y
City Council,2024,02,Afternoon,Y
City Council,2024,02,Afternoon,Y
City Council,2024,02,Afternoon,Y
City Council,2024,02,Afternoon,Y
City Council,2024,02,Afternoon,Y
City Council,2024,02,Afternoon,Y
City Council,2024,02,Afternoon,Y
City Council,2024,02,Afternoon,Y
City Council,2024,02,Afternoon,Y
City Council,2024,02,Afternoon,Y
City Council,2024,02,Afternoon,Y
City Council,2024,02,Afternoon,Y
City Council,2024,02,Afternoon,Y
City Council,2024,02,Afternoon,Y
City Council,2024,02,Afternoon,Y
City Council,2024,02,Afternoon,N
City Council,2024,02,Afternoon,Y
City Council,2024,02,Afternoon,Y
City Council,2024,02,Afternoon,Y
City Council,2024,02,Afternoon,Y
City Council,2024,02,Afternoon,N
City Council,2024,02,Afternoon,Y
City Council,2024,02,Afternoon,Y
City Council,2024,02,Afternoon,Y
City Council,2024,02,Afternoon,Y
City Council,2024,02,Afternoon,Y
City Council,2024,02,Afternoon,Y
City Council,2024,02,Afternoon,Y
City Council,2024,02,Afternoon,Y
City Council,2024,02,Afternoon,Y
City Council,2024,02,Afternoon,Y
City Council,2024,02,Afternoon,Y
City Council,2024,02,Afternoon,Y
City Council,2024,02,Afternoon,Y
City Council,2024,02,Afternoon,Y
City Council,2024,02,Afternoon,Y
City Council,2024,02,Afternoon,Y
City Council,2024,02,Afternoon,Y
City Council,2024,02,Evening,Y
City Council,2024,02,Evening,Y
City Council,2024,02,Evening,Y
City Council,2024,02,Evening,N
City Council,2024,02,Evening,Y
City Council,2024,02,Evening,Y
City Council,2024,02,Evening,Y
City Council,2024,02,Evening,Y
City Council,2024,02,Evening,N
City Council,2024,02,Evening,Y
City Council,2024,02,Evening,Y
City Council,2024,02,Evening,Y
City Council,2024,02,Evening,Y
City Council,2024,02,Evening,Y
City Council,2024,02,Evening,Y
City Council,2024,02,Evening,Y
City Council,2024,02,Evening,Y
City Council,2024,02,Evening,Y
City Council,2024,02,Evening,Y
City Council,2024,02,Evening,Y
City Council,2024,02,Evening,Y
City Council,2024,02,Evening,Y
City Council,2024,02,Evening,Y
City Council,2024,02,Evening,Y
City Council,2024,02,Evening,Y
City Council,2024,02,Evening,Y
City Council,2024,02,Morning,Y
City Council,2024,02,Morning,Y
City Council,2024,02,Morning,Y
City Council,2024,02,Morning,Y
City Council,2024,02,Morning,Y
City Council,2024,02,Morning,Y
City Council,2024,02,Morning,Y
City Council,2024,02,Morning,Y
City Council,2024,02,Morning,Y
City Council,2024,02,Morning,Y
City Council,2024,02,Morning,Y
City Council,2024,02,Morning,Y
City Council,2024,02,Morning,Y
City Council,2024,02,Morning,Y
City Council,2024,02,Morning,Y
City Council,2024,02,Morning,Y
City Council,2024,02,Morning,Y
City Council,2024,02,Morning,Y
City Council,2024,02,Morning,Y
City Council,2024,02,Morning,Y
City Council,2024,02,Morning,Y
City Council,2024,02,Morning,Y
City Council,2024,02,Morning,Y
City Council,2024,02,Morning,Y
City Council,2024,02,Morning,Y
City Council,2024,02,Morning,Y
City Council,2024,02,Afternoon,Y
City Council,2024,02,Afternoon,Y
City Council,2024,02,Afternoon,Y
City Council,2024,02,Afternoon,Y
City Council,2024,02,Afternoon,Y
City Council,2024,02,Afternoon,Y
City Council,2024,02,Afternoon,Y
City Council,2024,02,Afternoon,Y
City Council,2024,02,Afternoon,Y
City Council,2024,02,Afternoon,Y
City Council,2024,02,Afternoon,Y
City Council,2024,02,Afternoon,Y
City Council,2024,02,Afternoon,Y
City Council,2024,02,Afternoon,Y
City Council,2024,02,Afternoon,Y
City Council,2024,02,Afternoon,Y
City Council,2024,02,Afternoon,Y
City Council,2024,02,Afternoon,Y
City Council,2024,02,Afternoon,Y
City Council,2024,02,Afternoon,Y
City Council,2024,02,Afternoon,Y
City Council,2024,02,Afternoon,Y
City Council,2024,02,Afternoon,Y
City Council,2024,02,Afternoon,Y
City Council,2024,02,Afternoon,Y
City Council,2024,02,Afternoon,Y
City Council,2024,03,Morning,Y
City Council,2024,03,Morning,Y
City Council,2024,03,Morning,Y
City Council,2024,03,Morning,Y
City Council,2024,03,Morning,Y
City Council,2024,03,Morning,Y
City Council,2024,03,Morning,Y
City Council,2024,03,Morning,Y
City Council,2024,03,Morning,Y
City Council,2024,03,Morning,Y
City Council,2024,03,Morning,Y
City Council,2024,03,Morning,Y
City Council,2024,03,Morning,Y
City Council,2024,03,Morning,Y
City Council,2024,03,Morning,Y
City Council,2024,03,Morning,N
City Council,2024,03,Morning,Y
City Council,2024,03,Morning,Y
City Council,2024,03,Morning,Y
City Council,2024,03,Morning,Y
City Council,2024,03,Morning,Y
City Council,2024,03,Morning,Y
City Council,2024,03,Morning,Y
City Council,2024,03,Morning,Y
City Council,2024,03,Morning,Y
City Council,2024,03,Morning,Y
City Council,2024,03,Afternoon,Y
City Council,2024,03,Afternoon,Y
City Council,2024,03,Afternoon,Y
City Council,2024,03,Afternoon,Y
City Council,2024,03,Afternoon,Y
City Council,2024,03,Afternoon,Y
City Council,2024,03,Afternoon,Y
City Council,2024,03,Afternoon,Y
City Council,2024,03,Afternoon,Y
City Council,2024,03,Afternoon,Y
City Council,2024,03,Afternoon,Y
City Council,2024,03,Afternoon,Y
City Council,2024,03,Afternoon,Y
City Council,2024,03,Afternoon,Y
City Council,2024,03,Afternoon,Y
City Council,2024,03,Afternoon,Y
City Council,2024,03,Afternoon,Y
City Council,2024,03,Afternoon,Y
City Council,2024,03,Afternoon,Y
City Council,2024,03,Afternoon,Y
City Council,2024,03,Afternoon,Y
City Council,2024,03,Afternoon,Y
City Council,2024,03,Afternoon,Y
City Council,2024,03,Afternoon,Y
City Council,2024,03,Afternoon,Y
City Council,2024,03,Afternoon,Y
City Council,2024,03,Morning,Y
City Council,2024,03,Morning,Y
City Council,2024,03,Morning,Y
City Council,2024,03,Morning,Y
City Council,2024,03,Morning,Y
City Council,2024,03,Morning,Y
City Council,2024,03,Morning,Y
City Council,2024,03,Morning,Y
City Council,2024,03,Morning,Y
City Council,2024,03,Morning,Y
City Council,2024,03,Morning,Y
City Council,2024,03,Morning,Y
City Council,2024,03,Morning,Y
City Council,2024,03,Morning,Y
City Council,2024,03,Morning,Y
City Council,2024,03,Morning,Y
City Council,2024,03,Morning,Y
City Council,2024,03,Morning,Y
City Council,2024,03,Morning,Y
City Council,2024,03,Morning,Y
City Council,2024,03,Morning,Y
City Council,2024,03,Morning,Y
City Council,2024,03,Morning,Y
City Council,2024,03,Morning,N
City Council,2024,03,Morning,Y
City Council,2024,03,Morning,Y
City Council,2024,03,Afternoon,Y
City Council,2024,03,Afternoon,Y
City Council,2024,03,Afternoon,Y
City Council,2024,03,Afternoon,Y
City Council,2024,03,Afternoon,Y
City Council,2024,03,Afternoon,N
City Council,2024,03,Afternoon,Y
City Council,2024,03,Afternoon,Y
City Council,2024,03,Afternoon,Y
City Council,2024,03,Afternoon,Y
City Council,2024,03,Afternoon,Y
City Council,2024,03,Afternoon,Y
City Council,2024,03,Afternoon,Y
City Council,2024,03,Afternoon,Y
City Council,2024,03,Afternoon,Y
City Council,2024,03,Afternoon,Y
City Council,2024,03,Afternoon,Y
City Council,2024,03,Afternoon,Y
City Council,2024,03,Afternoon,Y
City Council,2024,03,Afternoon,Y
City Council,2024,03,Afternoon,Y
City Council,2024,03,Afternoon,Y
City Council,2024,03,Afternoon,Y
City Council,2024,03,Afternoon,Y
City Council,2024,03,Afternoon,Y
City Council,2024,03,Afternoon,Y
City Council,2024,03,Afternoon,Y
City Council,2024,03,Afternoon,Y
City Council,2024,03,Afternoon,Y
City Council,2024,03,Afternoon,Y
City Council,2024,03,Afternoon,Y
City Council,2024,03,Afternoon,N
City Council,2024,03,Afternoon,Y
City Council,2024,03,Afternoon,Y
City Council,2024,03,Afternoon,Y
City Council,2024,03,Afternoon,Y
City Council,2024,03,Afternoon,Y
City Council,2024,03,Afternoon,Y
City Council,2024,03,Afternoon,Y
City Council,2024,03,Afternoon,Y
City Council,2024,03,Afternoon,Y
City Council,2024,03,Afternoon,Y
City Council,2024,03,Afternoon,Y
City Council,2024,03,Afternoon,Y
City Council,2024,03,Afternoon,Y
City Council,2024,03,Afternoon,Y
City Council,2024,03,Afternoon,Y
City Council,2024,03,Afternoon,Y
City Council,2024,03,Afternoon,Y
City Council,2024,03,Afternoon,Y
City Council,2024,03,Afternoon,Y
City Council,2024,03,Afternoon,Y
City Council,2024,03,Afternoon,Y
City Council,2024,03,Afternoon,Y
City Council,2024,03,Afternoon,Y
City Council,2024,03,Afternoon,Y
City Council,2024,03,Afternoon,Y
City Council,2024,03,Afternoon,Y
City Council,2024,03,Afternoon,Y
City Council,2024,03,Afternoon,Y
City Council,2024,03,Afternoon,Y
City Council,2024,03,Afternoon,Y
City Council,2024,03,Afternoon,N
City Council,2024,03,Afternoon,N
City Council,2024,03,Afternoon,Y
City Council,2024,03,Afternoon,Y
City Council,2024,03,Afternoon,Y
City Council,2024,03,Afternoon,Y
City Council,2024,03,Afternoon,Y
City Council,2024,03,Afternoon,Y
City Council,2024,03,Afternoon,Y
City Council,2024,03,Afternoon,Y
City Council,2024,03,Afternoon,Y
City Council,2024,03,Afternoon,Y
City Council,2024,03,Afternoon,Y
City Council,2024,03,Afternoon,Y
City Council,2024,03,Afternoon,Y
City Council,2024,03,Afternoon,Y
City Council,2024,03,Afternoon,Y
City Council,2024,03,Afternoon,N
City Council,2024,03,Afternoon,Y
City Council,2024,03,Afternoon,Y
City Council,2024,03,Afternoon,Y
City Council,2024,03,Afternoon,Y
City Council,2024,03,Afternoon,Y
City Council,2024,03,Afternoon,Y
City Council,2024,03,Afternoon,Y
City Council,2024,03,Afternoon,Y
City Council,2024,03,Afternoon,Y
City Council,2024,03,Afternoon,Y
City Council,2024,03,Afternoon,Y
City Council,2024,03,Afternoon,Y
City Council,2024,03,Afternoon,Y
City Council,2024,03,Afternoon,Y
City Council,2024,03,Afternoon,Y
City Council,2024,03,Afternoon,Y
City Council,2024,03,Afternoon,Y
City Council,2024,03,Afternoon,N
City Council,2024,03,Afternoon,Y
City Council,2024,03,Afternoon,Y
City Council,2024,03,Afternoon,Y
City Council,2024,03,Afternoon,Y
City Council,2024,03,Afternoon,Y
City Council,2024,03,Afternoon,Y
City Council,2024,04,Morning,Y
City Council,2024,04,Morning,Y
City Council,2024,04,Morning,Y
City Council,2024,04,Morning,Y
City Council,2024,04,Morning,Y
City Council,2024,04,Morning,Y
City Council,2024,04,Morning,Y
City Council,2024,04,Morning,Y
City Council,2024,04,Morning,Y
City Council,2024,04,Morning,Y
City Council,2024,04,Morning,Y
City Council,2024,04,Morning,Y
City Council,2024,04,Morning,Y
City Council,2024,04,Morning,Y
City Council,2024,04,Morning,Y
City Council,2024,04,Morning,Y
City Council,2024,04,Morning,Y
City Council,2024,04,Morning,Y
City Council,2024,04,Morning,Y
City Council,2024,04,Morning,Y
City Council,2024,04,Morning,Y
City Council,2024,04,Morning,Y
City Council,2024,04,Morning,Y
City Council,2024,04,Morning,Y
City Council,2024,04,Morning,Y
City Council,2024,04,Morning,Y
City Council,2024,04,Morning,Y
City Council,2024,04,Morning,N
City Council,2024,04,Morning,Y
City Council,2024,04,Morning,Y
City Council,2024,04,Morning,Y
City Council,2024,04,Morning,Y
City Council,2024,04,Morning,Y
City Council,2024,04,Morning,Y
City Council,2024,04,Morning,Y
City Council,2024,04,Morning,Y
City Council,2024,04,Morning,Y
City Council,2024,04,Morning,Y
City Council,2024,04,Morning,Y
City Council,2024,04,Morning,Y
City Council,2024,04,Morning,Y
City Council,2024,04,Morning,Y
City Council,2024,04,Morning,Y
City Council,2024,04,Morning,Y
City Council,2024,04,Morning,Y
City Council,2024,04,Morning,Y
City Council,2024,04,Morning,N
City Council,2024,04,Morning,N
City Council,2024,04,Morning,Y
City Council,2024,04,Morning,Y
City Council,2024,04,Morning,N
City Council,2024,04,Morning,Y
City Council,2024,04,Afternoon,Y
City Council,2024,04,Afternoon,Y
City Council,2024,04,Afternoon,Y
City Council,2024,04,Afternoon,Y
City Council,2024,04,Afternoon,Y
City Council,2024,04,Afternoon,Y
City Council,2024,04,Afternoon,Y
City Council,2024,04,Afternoon,Y
City Council,2024,04,Afternoon,Y
City Council,2024,04,Afternoon,Y
City Council,2024,04,Afternoon,Y
City Council,2024,04,Afternoon,Y
City Council,2024,04,Afternoon,Y
City Council,2024,04,Afternoon,Y
City Council,2024,04,Afternoon,Y
City Council,2024,04,Afternoon,Y
City Council,2024,04,Afternoon,Y
City Council,2024,04,Afternoon,Y
City Council,2024,04,Afternoon,Y
City Council,2024,04,Afternoon,Y
City Council,2024,04,Afternoon,Y
City Council,2024,04,Afternoon,Y
City Council,2024,04,Afternoon,Y
City Council,2024,04,Afternoon,Y
City Council,2024,04,Afternoon,Y
City Council,2024,04,Afternoon,Y
City Council,2024,04,Afternoon,Y
City Council,2024,04,Afternoon,Y
City Council,2024,04,Afternoon,Y
City Council,2024,04,Afternoon,Y
City Council,2024,04,Afternoon,Y
City Council,2024,04,Afternoon,Y
City Council,2024,04,Afternoon,Y
City Council,2024,04,Afternoon,Y
City Council,2024,04,Afternoon,Y
City Council,2024,04,Afternoon,Y
City Council,2024,04,Afternoon,Y
City Council,2024,04,Afternoon,Y
City Council,2024,04,Afternoon,Y
City Council,2024,04,Afternoon,Y
City Council,2024,04,Afternoon,Y
City Council,2024,04,Afternoon,Y
City Council,2024,04,Afternoon,Y
City Council,2024,04,Afternoon,Y
City Council,2024,04,Afternoon,Y
City Council,2024,04,Afternoon,Y
City Council,2024,04,Afternoon,Y
City Council,2024,04,Afternoon,Y
City Council,2024,04,Afternoon,Y
City Council,2024,04,Afternoon,Y
City Council,2024,04,Afternoon,Y
City Council,2024,04,Afternoon,Y
City Council,2024,04,Afternoon,Y
City Council,2024,04,Afternoon,Y
City Council,2024,04,Afternoon,Y
City Council,2024,04,Afternoon,Y
City Council,2024,04,Afternoon,Y
City Council,2024,04,Afternoon,Y
City Council,2024,04,Afternoon,Y
City Council,2024,04,Afternoon,Y
City Council,2024,04,Afternoon,Y
City Council,2024,04,Afternoon,Y
City Council,2024,04,Afternoon,Y
City Council,2024,04,Afternoon,Y
City Council,2024,04,Afternoon,Y
City Council,2024,04,Afternoon,Y
City Council,2024,04,Afternoon,Y
City Council,2024,04,Afternoon,Y
City Council,2024,04,Afternoon,Y
City Council,2024,04,Afternoon,Y
City Council,2024,04,Afternoon,Y
City Council,2024,04,Afternoon,Y
City Council,2024,04,Afternoon,Y
City Council,2024,04,Afternoon,Y
City Council,2024,04,Afternoon,Y
City Council,2024,04,Afternoon,Y
City Council,2024,04,Afternoon,Y
City Council,2024,04,Afternoon,Y
City Council,2024,04,Morning,N
City Council,2024,04,Morning,Y
City Council,2024,04,Morning,Y
City Council,2024,04,Morning,Y
City Council,2024,04,Morning,Y
City Council,2024,04,Morning,Y
City Council,2024,04,Morning,Y
City Council,2024,04,Morning,N
City Council,2024,04,Morning,Y
City Council,2024,04,Morning,Y
City Council,2024,04,Morning,Y
City Council,2024,04,Morning,Y
City Council,2024,04,Morning,Y
City Council,2024,04,Morning,Y
City Council,2024,04,Morning,Y
City Council,2024,04,Morning,Y
City Council,2024,04,Morning,Y
City Council,2024,04,Morning,Y
City Council,2024,04,Morning,Y
City Council,2024,04,Morning,Y
City Council,2024,04,Morning,Y
City Council,2024,04,Morning,Y
City Council,2024,04,Morning,Y
City Council,2024,04,Morning,N
City Council,2024,04,Morning,Y
City Council,2024,04,Morning,Y
City Council,2024,04,Afternoon,Y
City Council,2024,04,Afternoon,Y
City Council,2024,04,Afternoon,Y
City Council,2024,04,Afternoon,Y
City Council,2024,04,Afternoon,Y
City Council,2024,04,Afternoon,Y
City Council,2024,04,Afternoon,Y
City Council,2024,04,Afternoon,Y
City Council,2024,04,Afternoon,Y
City Council,2024,04,Afternoon,Y
City Council,2024,04,Afternoon,Y
City Council,2024,04,Afternoon,Y
City Council,2024,04,Afternoon,Y
City Council,2024,04,Afternoon,Y
City Council,2024,04,Afternoon,Y
City Council,2024,04,Afternoon,N
City Council,2024,04,Afternoon,Y
City Council,2024,04,Afternoon,Y
City Council,2024,04,Afternoon,Y
City Council,2024,04,Afternoon,Y
City Council,2024,04,Afternoon,Y
City Council,2024,04,Afternoon,Y
City Council,2024,04,Afternoon,Y
City Council,2024,04,Afternoon,N
City Council,2024,04,Afternoon,Y
City Council,2024,04,Afternoon,Y
City Council,2024,05,Morning,Y
City Council,2024,05,Morning,Y
City Council,2024,05,Morning,Y
City Council,2024,05,Morning,Y
City Council,2024,05,Morning,N
City Council,2024,05,Morning,Y
City Council,2024,05,Morning,Y
City Council,2024,05,Morning,Y
City Council,2024,05,Morning,Y
City Council,2024,05,Morning,Y
City Council,2024,05,Morning,Y
City Council,2024,05,Morning,Y
City Council,2024,05,Morning,Y
City Council,2024,05,Morning,Y
City Council,2024,05,Morning,Y
City Council,2024,05,Morning,Y
City Council,2024,05,Morning,Y
City Council,2024,05,Morning,Y
City Council,2024,05,Morning,Y
City Council,2024,05,Morning,Y
City Council,2024,05,Morning,Y
City Council,2024,05,Morning,Y
City Council,2024,05,Morning,Y
City Council,2024,05,Morning,Y
City Council,2024,05,Morning,Y
City Council,2024,05,Afternoon,Y
City Council,2024,05,Afternoon,Y
City Council,2024,05,Afternoon,Y
City Council,2024,05,Afternoon,Y
City Council,2024,05,Afternoon,N
City Council,2024,05,Afternoon,Y
City Council,2024,05,Afternoon,Y
City Council,2024,05,Afternoon,Y
City Council,2024,05,Afternoon,Y
City Council,2024,05,Afternoon,Y
City Council,2024,05,Afternoon,Y
City Council,2024,05,Afternoon,Y
City Council,2024,05,Afternoon,Y
City Council,2024,05,Afternoon,Y
City Council,2024,05,Afternoon,Y
City Council,2024,05,Afternoon,Y
City Council,2024,05,Afternoon,Y
City Council,2024,05,Afternoon,Y
City Council,2024,05,Afternoon,Y
City Council,2024,05,Afternoon,Y
City Council,2024,05,Afternoon,Y
City Council,2024,05,Afternoon,Y
City Council,2024,05,Afternoon,Y
City Council,2024,05,Afternoon,Y
City Council,2024,05,Afternoon,Y
City Council,2024,05,Morning,Y
City Council,2024,05,Morning,Y
City Council,2024,05,Morning,Y
City Council,2024,05,Morning,Y
City Council,2024,05,Morning,N
City Council,2024,05,Morning,Y
City Council,2024,05,Morning,Y
City Council,2024,05,Morning,Y
City Council,2024,05,Morning,Y
City Council,2024,05,Morning,Y
City Council,2024,05,Morning,Y
City Council,2024,05,Morning,Y
City Council,2024,05,Morning,Y
City Council,2024,05,Morning,Y
City Council,2024,05,Morning,Y
City Council,2024,05,Morning,Y
City Council,2024,05,Morning,Y
City Council,2024,05,Morning,Y
City Council,2024,05,Morning,Y
City Council,2024,05,Morning,Y
City Council,2024,05,Morning,Y
City Council,2024,05,Morning,Y
City Council,2024,05,Morning,Y
City Council,2024,05,Morning,Y
City Council,2024,05,Morning,N
City Council,2024,05,Afternoon,Y
City Council,2024,05,Afternoon,Y
City Council,2024,05,Afternoon,Y
City Council,2024,05,Afternoon,Y
City Council,2024,05,Afternoon,Y
City Council,2024,05,Afternoon,Y
City Council,2024,05,Afternoon,Y
City Council,2024,05,Afternoon,Y
City Council,2024,05,Afternoon,Y
City Council,2024,05,Afternoon,Y
City Council,2024,05,Afternoon,Y
City Council,2024,05,Afternoon,Y
City Council,2024,05,Afternoon,Y
City Council,2024,05,Afternoon,Y
City Council,2024,05,Afternoon,Y
City Council,2024,05,Afternoon,Y
City Council,2024,05,Afternoon,Y
City Council,2024,05,Afternoon,Y
City Council,2024,05,Afternoon,Y
City Council,2024,05,Afternoon,Y
City Council,2024,05,Afternoon,Y
City Council,2024,05,Afternoon,Y
City Council,2024,05,Afternoon,Y
City Council,2024,05,Afternoon,Y
City Council,2024,05,Afternoon,N
City Council,2024,05,Evening,Y
City Council,2024,05,Evening,Y
City Council,2024,05,Evening,Y
City Council,2024,05,Evening,Y
City Council,2024,05,Evening,Y
City Council,2024,05,Evening,Y
City Council,2024,05,Evening,Y
City Council,2024,05,Evening,Y
City Council,2024,05,Evening,Y
City Council,2024,05,Evening,Y
City Council,2024,05,Evening,Y
City Council,2024,05,Evening,Y
City Council,2024,05,Evening,Y
City Council,2024,05,Evening,Y
City Council,2024,05,Evening,Y
City Council,2024,05,Evening,Y
City Council,2024,05,Evening,Y
City Council,2024,05,Evening,Y
City Council,2024,05,Evening,Y
City Council,2024,05,Evening,Y
City Council,2024,05,Evening,Y
City Council,2024,05,Evening,Y
City Council,2024,05,Evening,Y
City Council,2024,05,Evening,Y
City Council,2024,05,Evening,N
City Council,2024,06,Morning,Y
City Council,2024,06,Morning,Y
City Council,2024,06,Morning,Y
City Council,2024,06,Morning,Y
City Council,2024,06,Morning,Y
City Council,2024,06,Morning,Y
City Council,2024,06,Morning,Y
City Council,2024,06,Morning,Y
City Council,2024,06,Morning,Y
City Council,2024,06,Morning,Y
City Council,2024,06,Morning,Y
City Council,2024,06,Morning,Y
City Council,2024,06,Morning,Y
City Council,2024,06,Morning,Y
City Council,2024,06,Morning,Y
City Council,2024,06,Morning,Y
City Council,2024,06,Morning,Y
City Council,2024,06,Morning,Y
City Council,2024,06,Morning,Y
City Council,2024,06,Morning,Y
City Council,2024,06,Morning,Y
City Council,2024,06,Morning,Y
City Council,2024,06,Morning,Y
City Council,2024,06,Morning,Y
City Council,2024,06,Morning,Y
City Council,2024,06,Afternoon,Y
City Council,2024,06,Afternoon,Y
City Council,2024,06,Afternoon,Y
City Council,2024,06,Afternoon,Y
City Council,2024,06,Afternoon,Y
City Council,2024,06,Afternoon,Y
City Council,2024,06,Afternoon,Y
City Council,2024,06,Afternoon,Y
City Council,2024,06,Afternoon,Y
City Council,2024,06,Afternoon,Y
City Council,2024,06,Afternoon,Y
City Council,2024,06,Afternoon,Y
City Council,2024,06,Afternoon,Y
City Council,2024,06,Afternoon,Y
City Council,2024,06,Afternoon,Y
City Council,2024,06,Afternoon,Y
City Council,2024,06,Afternoon,Y
City Council,2024,06,Afternoon,Y
City Council,2024,06,Afternoon,Y
City Council,2024,06,Afternoon,Y
City Council,2024,06,Afternoon,Y
City Council,2024,06,Afternoon,Y
City Council,2024,06,Afternoon,Y
City Council,2024,06,Afternoon,Y
City Council,2024,06,Afternoon,Y
City Council,2024,06,Morning,Y
City Council,2024,06,Morning,Y
City Council,2024,06,Morning,Y
City Council,2024,06,Morning,Y
City Council,2024,06,Morning,Y
City Council,2024,06,Morning,Y
City Council,2024,06,Morning,Y
City Council,2024,06,Morning,Y
City Council,2024,06,Morning,Y
City Council,2024,06,Morning,Y
City Council,2024,06,Morning,Y
City Council,2024,06,Morning,Y
City Council,2024,06,Morning,Y
City Council,2024,06,Morning,Y
City Council,2024,06,Morning,Y
City Council,2024,06,Morning,Y
City Council,2024,06,Morning,Y
City Council,2024,06,Morning,Y
City Council,2024,06,Morning,Y
City Council,2024,06,Morning,Y
City Council,2024,06,Morning,Y
City Council,2024,06,Morning,Y
City Council,2024,06,Morning,Y
City Council,2024,06,Morning,Y
City Council,2024,06,Morning,Y
City Council,2024,06,Afternoon,N
City Council,2024,06,Afternoon,Y
City Council,2024,06,Afternoon,Y
City Council,2024,06,Afternoon,Y
City Council,2024,06,Afternoon,Y
City Council,2024,06,Afternoon,Y
City Council,2024,06,Afternoon,Y
City Council,2024,06,Afternoon,Y
City Council,2024,06,Afternoon,Y
City Council,2024,06,Afternoon,Y
City Council,2024,06,Afternoon,Y
City Council,2024,06,Afternoon,Y
City Council,2024,06,Afternoon,Y
City Council,2024,06,Afternoon,Y
City Council,2024,06,Afternoon,Y
City Council,2024,06,Afternoon,Y
City Council,2024,06,Afternoon,Y
City Council,2024,06,Afternoon,Y
City Council,2024,06,Afternoon,Y
City Council,2024,06,Afternoon,Y
City Council,2024,06,Afternoon,Y
City Council,2024,06,Afternoon,Y
City Council,2024,06,Afternoon,Y
City Council,2024,06,Afternoon,Y
City Council,2024,06,Afternoon,Y
City Council,2024,06,Evening,N
City Council,2024,06,Evening,Y
City Council,2024,06,Evening,Y
City Council,2024,06,Evening,Y
City Council,2024,06,Evening,Y
City Council,2024,06,Evening,Y
City Council,2024,06,Evening,Y
City Council,2024,06,Evening,Y
City Council,2024,06,Evening,Y
City Council,2024,06,Evening,Y
City Council,2024,06,Evening,Y
City Council,2024,06,Evening,Y
City Council,2024,06,Evening,Y
City Council,2024,06,Evening,Y
City Council,2024,06,Evening,Y
City Council,2024,06,Evening,Y
City Council,2024,06,Evening,Y
City Council,2024,06,Evening,Y
City Council,2024,06,Evening,Y
City Council,2024,06,Evening,Y
City Council,2024,06,Evening,Y
City Council,2024,06,Evening,Y
City Council,2024,06,Evening,Y
City Council,2024,06,Evening,Y
City Council,2024,06,Evening,N
City Council,2024,07,Morning,Y
City Council,2024,07,Morning,Y
City Council,2024,07,Morning,Y
City Council,2024,07,Morning,Y
City Council,2024,07,Morning,Y
City Council,2024,07,Morning,Y
City Council,2024,07,Morning,Y
City Council,2024,07,Morning,Y
City Council,2024,07,Morning,Y
City Council,2024,07,Morning,Y
City Council,2024,07,Morning,Y
City Council,2024,07,Morning,Y
City Council,2024,07,Morning,Y
City Council,2024,07,Morning,Y
City Council,2024,07,Morning,Y
City Council,2024,07,Morning,Y
City Council,2024,07,Morning,Y
City Council,2024,07,Morning,Y
City Council,2024,07,Morning,Y
City Council,2024,07,Morning,Y
City Council,2024,07,Morning,Y
City Council,2024,07,Morning,Y
City Council,2024,07,Morning,Y
City Council,2024,07,Morning,Y
City Council,2024,07,Morning,N
City Council,2024,07,Afternoon,Y
City Council,2024,07,Afternoon,Y
City Council,2024,07,Afternoon,Y
City Council,2024,07,Afternoon,Y
City Council,2024,07,Afternoon,Y
City Council,2024,07,Afternoon,Y
City Council,2024,07,Afternoon,Y
City Council,2024,07,Afternoon,Y
City Council,2024,07,Afternoon,Y
City Council,2024,07,Afternoon,Y
City Council,2024,07,Afternoon,Y
City Council,2024,07,Afternoon,Y
City Council,2024,07,Afternoon,Y
City Council,2024,07,Afternoon,Y
City Council,2024,07,Afternoon,Y
City Council,2024,07,Afternoon,Y
City Council,2024,07,Afternoon,Y
City Council,2024,07,Afternoon,Y
City Council,2024,07,Afternoon,Y
City Council,2024,07,Afternoon,Y
City Council,2024,07,Afternoon,Y
City Council,2024,07,Afternoon,Y
City Council,2024,07,Afternoon,Y
City Council,2024,07,Afternoon,Y
City Council,2024,07,Afternoon,Y
City Council,2024,07,Evening,Y
City Council,2024,07,Evening,Y
City Council,2024,07,Evening,Y
City Council,2024,07,Evening,Y
City Council,2024,07,Evening,Y
City Council,2024,07,Evening,Y
City Council,2024,07,Evening,Y
City Council,2024,07,Evening,N
City Council,2024,07,Evening,N
City Council,2024,07,Evening,Y
City Council,2024,07,Evening,Y
City Council,2024,07,Evening,Y
City Council,2024,07,Evening,Y
City Council,2024,07,Evening,Y
City Council,2024,07,Evening,Y
City Council,2024,07,Evening,Y
City Council,2024,07,Evening,Y
City Council,2024,07,Evening,Y
City Council,2024,07,Evening,Y
City Council,2024,07,Evening,Y
City Council,2024,07,Evening,Y
City Council,2024,07,Evening,Y
City Council,2024,07,Evening,Y
City Council,2024,07,Evening,Y
City Council,2024,07,Evening,Y
City Council,2024,07,Morning,Y
City Council,2024,07,Morning,Y
City Council,2024,07,Morning,Y
City Council,2024,07,Morning,Y
City Council,2024,07,Morning,Y
City Council,2024,07,Morning,Y
City Council,2024,07,Morning,Y
City Council,2024,07,Morning,Y
City Council,2024,07,Morning,Y
City Council,2024,07,Morning,Y
City Council,2024,07,Morning,Y
City Council,2024,07,Morning,Y
City Council,2024,07,Morning,Y
City Council,2024,07,Morning,Y
City Council,2024,07,Morning,Y
City Council,2024,07,Morning,Y
City Council,2024,07,Morning,Y
City Council,2024,07,Morning,Y
City Council,2024,07,Morning,Y
City Council,2024,07,Morning,Y
City Council,2024,07,Morning,Y
City Council,2024,07,Morning,Y
City Council,2024,07,Morning,Y
City Council,2024,07,Morning,Y
City Council,2024,07,Morning,Y
City Council,2024,07,Afternoon,Y
City Council,2024,07,Afternoon,Y
City Council,2024,07,Afternoon,Y
City Council,2024,07,Afternoon,Y
City Council,2024,07,Afternoon,Y
City Council,2024,07,Afternoon,Y
City Council,2024,07,Afternoon,Y
City Council,2024,07,Afternoon,Y
City Council,2024,07,Afternoon,Y
City Council,2024,07,Afternoon,Y
City Council,2024,07,Afternoon,Y
City Council,2024,07,Afternoon,Y
City Council,2024,07,Afternoon,Y
City Council,2024,07,Afternoon,Y
City Council,2024,07,Afternoon,Y
City Council,2024,07,Afternoon,Y
City Council,2024,07,Afternoon,Y
City Council,2024,07,Afternoon,Y
City Council,2024,07,Afternoon,Y
City Council,2024,07,Afternoon,Y
City Council,2024,07,Afternoon,Y
City Council,2024,07,Afternoon,Y
City Council,2024,07,Afternoon,Y
City Council,2024,07,Afternoon,Y
City Council,2024,07,Afternoon,Y
City Council,2024,07,Afternoon,Y
City Council,2024,07,Afternoon,Y
City Council,2024,07,Afternoon,Y
City Council,2024,07,Afternoon,Y
City Council,2024,07,Afternoon,Y
City Council,2024,07,Afternoon,Y
City Council,2024,07,Afternoon,Y
City Council,2024,07,Afternoon,Y
City Council,2024,07,Afternoon,N
City Council,2024,07,Afternoon,Y
City Council,2024,07,Afternoon,Y
City Council,2024,07,Afternoon,Y
City Council,2024,07,Afternoon,Y
City Council,2024,07,Afternoon,Y
City Council,2024,07,Afternoon,Y
City Council,2024,07,Afternoon,Y
City Council,2024,07,Afternoon,Y
City Council,2024,07,Afternoon,Y
City Council,2024,07,Afternoon,Y
City Council,2024,07,Afternoon,Y
City Council,2024,07,Afternoon,Y
City Council,2024,07,Afternoon,Y
City Council,2024,07,Afternoon,Y
City Council,2024,07,Afternoon,Y
City Council,2024,07,Afternoon,N
City Council,2024,07,Evening,Y
City Council,2024,07,Evening,Y
City Council,2024,07,Evening,Y
City Council,2024,07,Evening,Y
City Council,2024,07,Evening,Y
City Council,2024,07,Evening,Y
City Council,2024,07,Evening,Y
City Council,2024,07,Evening,Y
City Council,2024,07,Evening,N
City Council,2024,07,Evening,Y
City Council,2024,07,Evening,Y
City Council,2024,07,Evening,Y
City Council,2024,07,Evening,Y
City Council,2024,07,Evening,Y
City Council,2024,07,Evening,Y
City Council,2024,07,Evening,Y
City Council,2024,07,Evening,Y
City Council,2024,07,Evening,Y
City Council,2024,07,Evening,Y
City Council,2024,07,Evening,Y
City Council,2024,07,Evening,Y
City Council,2024,07,Evening,Y
City Council,2024,07,Evening,Y
City Council,2024,07,Evening,Y
City Council,2024,07,Evening,N
